NU_ANO,CO_IES,CO_CATEGAD,CO_ORGACAD,CO_GRUPO,CO_CURSO,CO_MODALIDADE,CO_MUNIC_CURSO,CO_UF_CURSO,CO_REGIAO_CURSO,NU_IDADE,TP_SEXO,ANO_FIM_EM,ANO_IN_GRAD,CO_TURNO_GRADUACAO,TP_INSCRICAO_ADM,TP_INSCRICAO,NU_ITEM_OFG,NU_ITEM_OFG_Z,NU_ITEM_OFG_X,NU_ITEM_OFG_N,NU_ITEM_OCE,NU_ITEM_OCE_Z,NU_ITEM_OCE_X,NU_ITEM_OCE_N,DS_VT_GAB_OFG_ORIG,DS_VT_GAB_OFG_FIN,DS_VT_GAB_OCE_ORIG,DS_VT_GAB_OCE_FIN,DS_VT_ESC_OFG,DS_VT_ACE_OFG,DS_VT_ESC_OCE,DS_VT_ACE_OCE,TP_PRES,TP_PR_GER,TP_PR_OB_FG,TP_PR_DI_FG,TP_PR_OB_CE,TP_PR_DI_CE,TP_SFG_D1,TP_SFG_D2,TP_SCE_D1,TP_SCE_D2,TP_SCE_D3,NT_GER,NT_FG,NT_OBJ_FG,NT_DIS_FG,NT_FG_D1,NT_FG_D1_PT,NT_FG_D1_CT,NT_FG_D2,NT_FG_D2_PT,NT_FG_D2_CT,NT_CE,NT_OBJ_CE,NT_DIS_CE,NT_CE_D1,NT_CE_D2,NT_CE_D3,CO_RS_I1,CO_RS_I2,CO_RS_I3,CO_RS_I4,CO_RS_I5,CO_RS_I6,CO_RS_I7,CO_RS_I8,CO_RS_I9,QE_I01,QE_I02,QE_I03,QE_I04,QE_I05,QE_I06,QE_I07,QE_I08,QE_I09,QE_I10,QE_I11,QE_I12,QE_I13,QE_I14,QE_I15,QE_I16,QE_I17,QE_I18,QE_I19,QE_I20,QE_I21,QE_I22,QE_I23,QE_I24,QE_I25,QE_I26,QE_I27,QE_I28,QE_I29,QE_I30,QE_I31,QE_I32,QE_I33,QE_I34,QE_I35,QE_I36,QE_I37,QE_I38,QE_I39,QE_I40,QE_I41,QE_I42,QE_I43,QE_I44,QE_I45,QE_I46,QE_I47,QE_I48,QE_I49,QE_I50,QE_I51,QE_I52,QE_I53,QE_I54,QE_I55,QE_I56,QE_I57,QE_I58,QE_I59,QE_I60,QE_I61,QE_I62,QE_I63,QE_I64,QE_I65,QE_I66,QE_I67,QE_I68,QE_I69,QE_I70,QE_I71,QE_I72,QE_I73,QE_I74,QE_I75,QE_I76,QE_I77,QE_I78,QE_I79,QE_I80,QE_I81,NO_CURSO,Instituicao,Sigla,Municipio,UF
2017,2564,1,10028,4004,13446,1,2504009,25,2,24,M,2012.0,2013.0,1.0,0,1,8,0,0,0,27,0,3,0,CCBBCEAD,CCBBCEAD,ACECBCDEADEDACAECEBDEBEBDAE,ACECBCDEADEDXCAEXXBDEBEBDAE,ACBBCEAC,1111110.0,AAECBCDECCADAEBEECDDDBAAEDE,101111110001900199010100001,555.0,555.0,555.0,555.0,555.0,555.0,555.0,555.0,555.0,555.0,555.0,57.4,66.8,75.0,54.5,63.0,75.0,60.0,46.0,50.0,45.0,54.2,50.0,78.3,70.0,75.0,90.0,C,C,C,B,B,B,,D,C,A,D,A,D,C,B,C,C,B,A,A,A,B,A,D,23.0,A,B,B,C,B,A,C,A,E,F,5.0,5.0,4.0,4.0,3.0,6.0,6.0,4.0,5.0,6.0,5.0,6.0,5.0,4.0,6.0,6.0,5.0,6.0,4.0,2.0,5.0,5.0,6.0,8.0,8.0,3.0,4.0,6.0,6.0,6.0,5.0,6.0,5.0,6.0,4.0,6.0,6.0,6.0,1.0,6.0,2.0,4.0,,,,,,,,,,,,,,CIÊNCIA DA COMPUTAÇÃO,UNIVERSIDADE FEDERAL DE CAMPINA GRANDE (UFCG),UFCG,Campina Grande,PB
2017,2564,1,10028,4004,13446,1,2504009,25,2,24,M,2010.0,2011.0,1.0,0,1,8,0,0,0,27,0,3,0,CCBBCEAD,CCBBCEAD,ACECBCDEADEDACAECEBDEBEBDAE,ACECBCDEADEDXCAEXXBDEBEBDAE,DCCBCEDE,1011100.0,AABCBDBEABEBDECCEEDEEEABEDD,100110011010900099001001000,555.0,555.0,555.0,555.0,555.0,333.0,555.0,555.0,333.0,333.0,333.0,35.7,58.0,50.0,70.0,71.0,75.0,70.0,69.0,65.0,70.0,28.3,33.3,0.0,0.0,0.0,0.0,C,C,A,B,C,C,D,D,B,A,A,A,E,D,B,B,B,D,D,I,A,D,B,A,25.0,E,A,B,C,A,B,C,A,H,A,5.0,5.0,4.0,5.0,3.0,5.0,4.0,3.0,3.0,6.0,4.0,5.0,5.0,3.0,6.0,5.0,6.0,6.0,5.0,3.0,4.0,5.0,4.0,5.0,8.0,3.0,3.0,5.0,5.0,5.0,5.0,6.0,4.0,5.0,1.0,1.0,2.0,2.0,1.0,1.0,2.0,1.0,,,,,,,,,,,,,,CIÊNCIA DA COMPUTAÇÃO,UNIVERSIDADE FEDERAL DE CAMPINA GRANDE (UFCG),UFCG,Campina Grande,PB
2017,2564,1,10028,4004,13446,1,2504009,25,2,29,M,2006.0,2014.0,1.0,0,1,8,0,0,0,27,0,3,0,CCBBCEAD,CCBBCEAD,ACECBCDEADEDACAECEBDEBEBDAE,ACECBCDEADEDXCAEXXBDEBEBDAE,BCCBEEEB,1010100.0,DEEABBCCABBCDDCCEECDEBDBAAD,001010001000900099011101010,555.0,555.0,555.0,333.0,555.0,555.0,333.0,333.0,333.0,555.0,555.0,29.5,22.5,37.5,0.0,0.0,0.0,0.0,0.0,0.0,0.0,31.8,33.3,23.3,0.0,70.0,0.0,C,D,B,B,B,D,B,D,B,A,D,A,B,B,B,E,B,E,C,A,A,F,A,D,25.0,A,A,A,B,B,A,E,E,E,C,5.0,5.0,6.0,6.0,6.0,6.0,5.0,5.0,5.0,6.0,5.0,5.0,4.0,3.0,3.0,6.0,5.0,5.0,5.0,4.0,4.0,5.0,6.0,6.0,6.0,5.0,5.0,5.0,5.0,6.0,6.0,6.0,5.0,4.0,3.0,3.0,3.0,3.0,3.0,5.0,3.0,5.0,,,,,,,,,,,,,,CIÊNCIA DA COMPUTAÇÃO,UNIVERSIDADE FEDERAL DE CAMPINA GRANDE (UFCG),UFCG,Campina Grande,PB
2017,2564,1,10028,4004,13446,1,2504009,25,2,31,M,2003.0,2012.0,1.0,0,1,8,0,0,0,27,0,3,0,CCBBCEAD,CCBBCEAD,ACECBCDEADEDACAECEBDEBEBDAE,ACECBCDEADEDXCAEXXBDEBEBDAE,CABBDEED,10110101.0,DCAABABEACBDBCEBABBDBBEADBB,010010011001910099110110100,555.0,555.0,555.0,555.0,555.0,555.0,555.0,555.0,555.0,333.0,555.0,44.0,39.7,62.5,5.5,5.0,25.0,0.0,6.0,30.0,0.0,45.4,45.8,43.3,30.0,0.0,100.0,A,E,C,D,B,C,D,D,B,A,D,A,E,D,B,B,B,B,A,A,A,F,A,A,25.0,B,A,B,F,A,E,E,E,E,C,4.0,5.0,2.0,2.0,1.0,6.0,3.0,1.0,4.0,6.0,4.0,2.0,1.0,2.0,5.0,6.0,6.0,6.0,6.0,5.0,5.0,3.0,4.0,1.0,1.0,1.0,5.0,6.0,4.0,4.0,5.0,6.0,6.0,6.0,1.0,3.0,1.0,2.0,1.0,1.0,1.0,1.0,,,,,,,,,,,,,,CIÊNCIA DA COMPUTAÇÃO,UNIVERSIDADE FEDERAL DE CAMPINA GRANDE (UFCG),UFCG,Campina Grande,PB
2017,2564,1,10028,4004,13446,1,2504009,25,2,24,M,2010.0,2014.0,1.0,0,1,8,0,0,0,27,0,3,0,CCBBCEAD,CCBBCEAD,ACECBCDEADEDACAECEBDEBEBDAE,ACECBCDEADEDXCAEXXBDEBEBDAE,CCABCEAD,11011111.0,AAEACCAEADDDECCEECCDDBEBEAD,101001011101910199010111010,555.0,555.0,555.0,555.0,555.0,555.0,555.0,555.0,555.0,555.0,555.0,61.4,80.1,87.5,69.0,63.0,75.0,60.0,75.0,75.0,75.0,55.1,58.3,36.7,60.0,50.0,0.0,,,,,,,,,,A,F,A,E,E,F,A,D,C,C,A,A,F,A,A,23.0,B,A,A,K,A,C,C,E,H,I,3.0,3.0,3.0,3.0,3.0,3.0,3.0,3.0,3.0,3.0,3.0,3.0,3.0,3.0,3.0,3.0,3.0,3.0,3.0,3.0,3.0,3.0,3.0,3.0,3.0,3.0,3.0,3.0,3.0,3.0,3.0,3.0,3.0,3.0,3.0,3.0,3.0,3.0,3.0,3.0,3.0,3.0,,,,,,,,,,,,,,CIÊNCIA DA COMPUTAÇÃO,UNIVERSIDADE FEDERAL DE CAMPINA GRANDE (UFCG),UFCG,Campina Grande,PB
2017,2564,1,10028,4004,13446,1,2504009,25,2,24,F,2011.0,2012.0,1.0,0,1,8,0,0,0,27,0,3,0,CCBBCEAD,CCBBCEAD,ACECBCDEADEDACAECEBDEBEBDAE,ACECBCDEADEDXCAEXXBDEBEBDAE,ECBBCEBD,1111101.0,CDACBDDEAEEEDCBECAEDEBEEDEE,000110111010910199011110101,555.0,555.0,555.0,555.0,555.0,555.0,555.0,555.0,555.0,555.0,555.0,59.9,75.2,75.0,75.5,75.0,75.0,75.0,76.0,80.0,75.0,54.8,58.3,35.0,70.0,35.0,0.0,C,D,C,B,B,C,D,C,C,A,A,A,E,D,B,G,E,B,A,A,A,F,B,A,25.0,B,A,B,G,A,E,C,A,A,F,5.0,5.0,5.0,5.0,5.0,5.0,4.0,4.0,4.0,4.0,4.0,4.0,3.0,3.0,6.0,5.0,5.0,5.0,5.0,5.0,5.0,5.0,5.0,7.0,7.0,7.0,6.0,6.0,5.0,5.0,6.0,6.0,6.0,6.0,5.0,4.0,4.0,3.0,5.0,5.0,4.0,3.0,,,,,,,,,,,,,,CIÊNCIA DA COMPUTAÇÃO,UNIVERSIDADE FEDERAL DE CAMPINA GRANDE (UFCG),UFCG,Campina Grande,PB
2017,2564,1,10028,4004,13446,1,2504009,25,2,23,F,2011.0,2012.0,1.0,0,1,8,0,0,0,27,0,3,0,CCBBCEAD,CCBBCEAD,ACECBCDEADEDACAECEBDEBEBDAE,ACECBCDEADEDXCAEXXBDEBEBDAE,ACABCEAD,1011111.0,CCEABBBEBDEDBCDDCCDDABBBEED,011010010111910099010101000,555.0,555.0,555.0,555.0,555.0,555.0,555.0,555.0,555.0,336.0,555.0,55.0,77.8,75.0,82.0,71.0,75.0,70.0,93.0,65.0,100.0,47.4,45.8,56.7,70.0,0.0,100.0,C,B,C,C,C,C,D,D,D,A,D,A,C,D,B,D,B,C,A,A,A,B,B,A,25.0,B,A,B,G,A,C,D,B,E,A,5.0,4.0,4.0,5.0,4.0,5.0,4.0,4.0,4.0,6.0,5.0,4.0,4.0,5.0,5.0,5.0,6.0,6.0,6.0,4.0,5.0,5.0,5.0,8.0,8.0,3.0,4.0,6.0,5.0,5.0,5.0,5.0,3.0,4.0,4.0,5.0,5.0,4.0,2.0,4.0,1.0,1.0,,,,,,,,,,,,,,CIÊNCIA DA COMPUTAÇÃO,UNIVERSIDADE FEDERAL DE CAMPINA GRANDE (UFCG),UFCG,Campina Grande,PB
2017,2564,1,10028,4004,13446,1,2504009,25,2,23,M,2011.0,2015.0,1.0,0,1,8,0,0,0,27,0,3,0,CCBBCEAD,CCBBCEAD,ACECBCDEADEDACAECEBDEBEBDAE,ACECBCDEADEDXCAEXXBDEBEBDAE,BAADEEBE,100.0,DAEBBCDEACEEBCBEAADDABECBDB,001011111010910199010110000,555.0,555.0,555.0,555.0,555.0,555.0,555.0,555.0,555.0,555.0,555.0,47.9,24.9,12.5,43.5,35.0,55.0,30.0,52.0,60.0,50.0,55.5,50.0,86.7,100.0,90.0,70.0,D,D,A,C,B,D,A,D,C,A,D,A,B,B,B,F,B,A,D,I,A,F,A,D,25.0,A,A,D,C,B,A,C,D,E,C,5.0,6.0,6.0,3.0,6.0,6.0,4.0,5.0,6.0,6.0,3.0,4.0,3.0,1.0,6.0,6.0,6.0,6.0,3.0,1.0,4.0,1.0,4.0,8.0,8.0,3.0,4.0,6.0,3.0,6.0,5.0,6.0,1.0,6.0,4.0,3.0,3.0,6.0,1.0,4.0,1.0,1.0,,,,,,,,,,,,,,CIÊNCIA DA COMPUTAÇÃO,UNIVERSIDADE FEDERAL DE CAMPINA GRANDE (UFCG),UFCG,Campina Grande,PB
2017,2564,1,10028,4004,13446,1,2504009,25,2,22,M,2012.0,2013.0,1.0,0,1,8,0,0,0,27,0,3,0,CCBBCEAD,CCBBCEAD,ACECBCDEADEDACAECEBDEBEBDAE,ACECBCDEADEDXCAEXXBDEBEBDAE,ECDEEECE,1000100.0,CAECDBCEDDBBECAEADDEABCCCEB,001100010100911199000100000,555.0,555.0,555.0,555.0,555.0,555.0,555.0,555.0,555.0,555.0,555.0,36.3,41.2,25.0,65.5,65.0,65.0,65.0,66.0,50.0,70.0,34.6,33.3,41.7,30.0,65.0,30.0,C,C,C,D,C,C,D,C,C,A,A,A,C,E,A,A,C,A,A,A,A,D,A,A,25.0,B,A,B,A,A,C,C,E,A,F,4.0,4.0,3.0,4.0,4.0,6.0,5.0,3.0,4.0,4.0,3.0,4.0,4.0,4.0,5.0,5.0,6.0,6.0,4.0,2.0,5.0,4.0,4.0,6.0,8.0,2.0,2.0,6.0,5.0,5.0,4.0,5.0,3.0,4.0,3.0,4.0,4.0,6.0,5.0,1.0,1.0,3.0,,,,,,,,,,,,,,CIÊNCIA DA COMPUTAÇÃO,UNIVERSIDADE FEDERAL DE CAMPINA GRANDE (UFCG),UFCG,Campina Grande,PB
2017,2564,1,10028,4004,13446,1,2504009,25,2,25,M,2009.0,2013.0,1.0,0,1,8,0,0,0,27,0,3,0,CCBBCEAD,CCBBCEAD,ACECBCDEADEDACAECEBDEBEBDAE,ACECBCDEADEDXCAEXXBDEBEBDAE,CCAEBEBD,11000101.0,DAECBCBEADECDCAEECCDDBEBECE,001111011110911199010111001,555.0,555.0,555.0,555.0,555.0,555.0,555.0,555.0,555.0,555.0,555.0,62.5,52.0,50.0,55.0,57.0,65.0,55.0,53.0,65.0,50.0,66.0,66.7,61.7,70.0,65.0,50.0,C,C,C,B,B,B,B,D,D,A,D,A,F,E,D,A,F,B,A,A,A,A,A,A,27.0,B,A,B,C,A,C,D,A,A,F,5.0,5.0,5.0,6.0,6.0,6.0,8.0,6.0,8.0,6.0,3.0,3.0,4.0,3.0,5.0,5.0,6.0,5.0,6.0,7.0,6.0,5.0,6.0,5.0,5.0,6.0,6.0,6.0,6.0,2.0,5.0,6.0,7.0,5.0,4.0,5.0,4.0,4.0,5.0,5.0,1.0,1.0,,,,,,,,,,,,,,CIÊNCIA DA COMPUTAÇÃO,UNIVERSIDADE FEDERAL DE CAMPINA GRANDE (UFCG),UFCG,Campina Grande,PB
2017,2564,1,10028,4004,13446,1,2504009,25,2,27,M,2007.0,2014.0,1.0,0,1,8,0,0,0,27,0,3,0,CCBBCEAD,CCBBCEAD,ACECBCDEADEDACAECEBDEBEBDAE,ACECBCDEADEDXCAEXXBDEBEBDAE,BCBBEEBD,1110101.0,ECEAACEEBCEDBCECECBDEBEADBD,011001010011910099111110100,555.0,555.0,555.0,555.0,555.0,555.0,555.0,333.0,555.0,555.0,555.0,52.4,48.1,62.5,26.5,53.0,65.0,50.0,0.0,0.0,0.0,53.8,54.2,51.7,70.0,65.0,20.0,C,C,C,D,B,B,A,D,B,A,A,A,D,D,B,D,C,B,A,A,A,D,A,A,25.0,A,A,B,C,B,B,C,E,E,F,5.0,5.0,6.0,6.0,6.0,6.0,6.0,8.0,4.0,6.0,5.0,5.0,6.0,4.0,6.0,6.0,6.0,6.0,6.0,4.0,6.0,5.0,6.0,8.0,8.0,4.0,6.0,6.0,6.0,6.0,6.0,6.0,5.0,6.0,5.0,6.0,5.0,6.0,4.0,6.0,6.0,4.0,,,,,,,,,,,,,,CIÊNCIA DA COMPUTAÇÃO,UNIVERSIDADE FEDERAL DE CAMPINA GRANDE (UFCG),UFCG,Campina Grande,PB
2017,2564,1,10028,4004,13446,1,2504009,25,2,22,M,2012.0,2014.0,1.0,0,1,8,0,0,0,27,0,3,0,CCBBCEAD,CCBBCEAD,ACECBCDEADEDACAECEBDEBEBDAE,ACECBCDEADEDXCAEXXBDEBEBDAE,CCCCCCCC,11001000.0,CAAABCAEAEEBCCDEEBDDBBEBEAA,000011011010910199010111010,555.0,555.0,555.0,333.0,555.0,333.0,333.0,333.0,333.0,333.0,333.0,37.5,22.5,37.5,0.0,0.0,0.0,0.0,0.0,0.0,0.0,42.5,50.0,0.0,0.0,0.0,0.0,D,D,C,B,B,D,D,D,A,A,A,A,D,D,C,C,C,D,C,A,A,F,A,A,25.0,B,A,B,A,A,C,E,E,E,F,5.0,5.0,5.0,5.0,5.0,5.0,5.0,5.0,5.0,5.0,5.0,5.0,5.0,5.0,3.0,3.0,5.0,5.0,5.0,5.0,5.0,5.0,5.0,5.0,5.0,5.0,5.0,5.0,5.0,5.0,6.0,5.0,3.0,5.0,5.0,5.0,5.0,4.0,1.0,4.0,3.0,2.0,,,,,,,,,,,,,,CIÊNCIA DA COMPUTAÇÃO,UNIVERSIDADE FEDERAL DE CAMPINA GRANDE (UFCG),UFCG,Campina Grande,PB
2017,2564,1,10028,4004,13446,1,2504009,25,2,24,M,2011.0,2012.0,1.0,0,1,8,0,0,0,27,0,3,0,CCBBCEAD,CCBBCEAD,ACECBCDEADEDACAECEBDEBEBDAE,ACECBCDEADEDXCAEXXBDEBEBDAE,CCADCECC,11001100.0,ECEABCAEADEBDBAEECCEABEBECE,011011011110901199000111001,555.0,555.0,555.0,555.0,555.0,555.0,555.0,555.0,555.0,555.0,555.0,61.3,53.0,50.0,57.5,48.0,40.0,50.0,67.0,55.0,70.0,64.1,58.3,96.7,90.0,100.0,100.0,E,C,C,C,C,C,D,C,C,A,A,A,E,E,D,A,E,C,A,A,D,F,B,A,25.0,A,B,A,E,A,A,D,C,A,F,6.0,6.0,6.0,6.0,6.0,6.0,6.0,6.0,3.0,6.0,6.0,6.0,4.0,6.0,6.0,6.0,6.0,6.0,5.0,4.0,6.0,6.0,6.0,6.0,8.0,6.0,6.0,6.0,5.0,6.0,6.0,6.0,6.0,6.0,6.0,6.0,6.0,6.0,6.0,5.0,6.0,5.0,,,,,,,,,,,,,,CIÊNCIA DA COMPUTAÇÃO,UNIVERSIDADE FEDERAL DE CAMPINA GRANDE (UFCG),UFCG,Campina Grande,PB
2017,2564,1,10028,4004,13446,1,2504009,25,2,22,M,2012.0,2013.0,1.0,0,1,8,0,0,0,27,0,3,0,CCBBCEAD,CCBBCEAD,ACECBCDEADEDACAECEBDEBEBDAE,ACECBCDEADEDXCAEXXBDEBEBDAE,EEBACECD,101101.0,AAECBBDEADCDBCBEECEDEBEBDDE,101110111101910199011111101,555.0,555.0,555.0,555.0,555.0,555.0,555.0,555.0,555.0,555.0,555.0,71.0,56.0,50.0,65.0,63.0,75.0,60.0,67.0,55.0,70.0,76.0,75.0,81.7,70.0,75.0,100.0,C,C,C,B,B,C,C,D,C,A,A,A,E,E,B,G,F,E,E,A,A,B,A,A,25.0,B,A,B,G,A,B,E,E,E,F,6.0,6.0,6.0,6.0,6.0,6.0,6.0,6.0,6.0,6.0,6.0,6.0,6.0,6.0,6.0,6.0,6.0,6.0,6.0,6.0,6.0,6.0,6.0,8.0,6.0,6.0,6.0,6.0,6.0,6.0,6.0,6.0,6.0,6.0,6.0,6.0,6.0,6.0,6.0,6.0,6.0,6.0,,,,,,,,,,,,,,CIÊNCIA DA COMPUTAÇÃO,UNIVERSIDADE FEDERAL DE CAMPINA GRANDE (UFCG),UFCG,Campina Grande,PB
2017,2564,1,10028,4004,13446,1,2504009,25,2,30,M,2004.0,2011.0,1.0,0,1,8,0,0,0,27,0,3,0,CCBBCEAD,CCBBCEAD,ACECBCDEADEDACAECEBDEBEBDAE,ACECBCDEADEDXCAEXXBDEBEBDAE,ABABBEDD,10101.0,DAEADCDECDCDDCDCEBBDBBDADED,001001110101910099110100100,555.0,555.0,555.0,555.0,555.0,555.0,555.0,555.0,555.0,555.0,555.0,49.6,53.9,37.5,78.5,84.0,60.0,90.0,73.0,65.0,75.0,48.2,45.8,61.7,30.0,65.0,90.0,D,C,A,C,B,C,B,D,C,A,D,A,B,D,A,A,B,C,C,A,A,D,B,A,24.0,A,A,A,C,B,B,E,E,A,F,5.0,5.0,6.0,6.0,6.0,6.0,6.0,6.0,6.0,6.0,6.0,6.0,6.0,5.0,6.0,6.0,6.0,6.0,6.0,5.0,6.0,5.0,6.0,4.0,6.0,6.0,6.0,6.0,6.0,6.0,6.0,6.0,6.0,6.0,5.0,6.0,6.0,6.0,5.0,6.0,5.0,3.0,,,,,,,,,,,,,,CIÊNCIA DA COMPUTAÇÃO,UNIVERSIDADE FEDERAL DE CAMPINA GRANDE (UFCG),UFCG,Campina Grande,PB
2017,2564,1,10028,4004,13446,1,2504009,25,2,26,M,2008.0,2015.0,1.0,0,1,8,0,0,0,27,0,3,0,CCBBCEAD,CCBBCEAD,ACECBCDEADEDACAECEBDEBEBDAE,ACECBCDEADEDXCAEXXBDEBEBDAE,DCBBCEBD,1111101.0,CAEACDACBCADACEEABBDEDCDEDD,001000000001910199111000000,555.0,555.0,555.0,555.0,555.0,555.0,555.0,555.0,555.0,555.0,555.0,39.2,66.6,75.0,54.0,53.0,65.0,50.0,55.0,75.0,50.0,30.1,29.2,35.0,70.0,35.0,0.0,C,C,C,B,A,B,B,D,C,A,A,A,D,D,B,E,B,B,A,A,A,A,A,A,25.0,B,A,A,A,A,B,E,E,H,F,4.0,3.0,3.0,5.0,2.0,5.0,3.0,3.0,3.0,6.0,3.0,3.0,3.0,3.0,6.0,6.0,5.0,5.0,3.0,2.0,5.0,5.0,5.0,8.0,8.0,3.0,2.0,6.0,5.0,3.0,5.0,6.0,5.0,5.0,5.0,5.0,5.0,3.0,1.0,2.0,2.0,3.0,,,,,,,,,,,,,,CIÊNCIA DA COMPUTAÇÃO,UNIVERSIDADE FEDERAL DE CAMPINA GRANDE (UFCG),UFCG,Campina Grande,PB
2017,2564,1,10028,4004,13446,1,2504009,25,2,21,F,2012.0,2013.0,1.0,0,1,8,0,0,0,27,0,3,0,CCBBCEAD,CCBBCEAD,ACECBCDEADEDACAECEBDEBEBDAE,ACECBCDEADEDXCAEXXBDEBEBDAE,ACBBCEAD,1111111.0,AAEBBCAEACEDACACAAECCBABCAE,101011011011911099000101011,555.0,555.0,555.0,555.0,555.0,555.0,555.0,555.0,555.0,555.0,555.0,68.4,82.9,87.5,76.0,58.0,70.0,55.0,94.0,70.0,100.0,63.6,58.3,93.3,100.0,80.0,100.0,B,C,C,D,B,C,A,D,D,A,D,A,F,F,B,D,F,C,D,A,A,E,B,A,25.0,B,A,B,C,A,C,D,E,E,F,6.0,6.0,6.0,6.0,6.0,6.0,6.0,4.0,6.0,6.0,6.0,6.0,4.0,6.0,6.0,6.0,6.0,6.0,6.0,7.0,6.0,6.0,6.0,6.0,6.0,6.0,6.0,6.0,6.0,6.0,6.0,6.0,6.0,6.0,6.0,6.0,6.0,6.0,1.0,6.0,4.0,2.0,,,,,,,,,,,,,,CIÊNCIA DA COMPUTAÇÃO,UNIVERSIDADE FEDERAL DE CAMPINA GRANDE (UFCG),UFCG,Campina Grande,PB
2017,2564,1,10028,4004,13446,1,2504009,25,2,31,M,2003.0,2015.0,1.0,0,1,8,0,0,0,27,0,3,0,CCBBCEAD,CCBBCEAD,ACECBCDEADEDACAECEBDEBEBDAE,ACECBCDEADEDXCAEXXBDEBEBDAE,AECBEEDD,10101.0,ACECBADDADADCEDCCAEEBDACDDA,111110101101900099000000100,555.0,555.0,555.0,555.0,555.0,555.0,555.0,555.0,555.0,555.0,555.0,43.0,57.5,37.5,87.5,85.0,65.0,90.0,90.0,50.0,100.0,38.2,41.7,18.3,30.0,25.0,0.0,C,C,E,B,B,C,D,D,B,A,A,A,D,E,A,A,F,D,E,A,A,F,B,A,25.0,B,A,A,K,A,A,C,E,E,F,4.0,4.0,2.0,4.0,3.0,4.0,3.0,3.0,3.0,4.0,3.0,4.0,4.0,2.0,2.0,4.0,6.0,6.0,6.0,4.0,6.0,6.0,5.0,7.0,5.0,6.0,6.0,4.0,4.0,2.0,4.0,5.0,3.0,5.0,3.0,4.0,3.0,7.0,7.0,4.0,4.0,2.0,,,,,,,,,,,,,,CIÊNCIA DA COMPUTAÇÃO,UNIVERSIDADE FEDERAL DE CAMPINA GRANDE (UFCG),UFCG,Campina Grande,PB
2017,2564,1,10028,4004,13446,1,2504009,25,2,23,F,2012.0,2013.0,1.0,0,1,8,0,0,0,27,0,3,0,CCBBCEAD,CCBBCEAD,ACECBCDEADEDACAECEBDEBEBDAE,ACECBCDEADEDXCAEXXBDEBEBDAE,CCBBCEDC,11111100.0,AEECACDEADEDBCEECCEDEBEBDED,101101111111910199011111100,555.0,555.0,555.0,555.0,555.0,555.0,555.0,555.0,555.0,555.0,555.0,77.0,76.2,75.0,78.0,66.0,70.0,65.0,90.0,50.0,100.0,77.3,75.0,90.0,100.0,100.0,70.0,C,C,D,B,B,D,A,D,D,A,D,A,E,F,D,A,E,C,A,A,A,E,B,A,25.0,A,B,B,C,A,B,C,E,C,F,5.0,5.0,5.0,5.0,5.0,6.0,5.0,5.0,5.0,5.0,5.0,5.0,5.0,7.0,5.0,6.0,6.0,6.0,5.0,7.0,5.0,5.0,5.0,5.0,7.0,6.0,6.0,6.0,5.0,5.0,5.0,6.0,5.0,5.0,5.0,5.0,5.0,6.0,7.0,5.0,4.0,4.0,,,,,,,,,,,,,,CIÊNCIA DA COMPUTAÇÃO,UNIVERSIDADE FEDERAL DE CAMPINA GRANDE (UFCG),UFCG,Campina Grande,PB
2017,2564,1,10028,4004,13446,1,2504009,25,2,22,M,2012.0,2013.0,1.0,0,1,8,0,0,0,27,0,3,0,CCBBCEAD,CCBBCEAD,ACECBCDEADEDACAECEBDEBEBDAE,ACECBCDEADEDXCAEXXBDEBEBDAE,CCBBCEBE,11111100.0,AAECBCCCADCDBCBCEADDEBEBBCE,101111001101910099011111001,555.0,555.0,555.0,555.0,555.0,555.0,555.0,555.0,555.0,555.0,555.0,69.0,76.0,75.0,77.5,62.0,70.0,60.0,93.0,65.0,100.0,66.6,62.5,90.0,70.0,100.0,100.0,C,C,D,B,B,C,D,D,B,A,A,A,E,F,B,D,F,C,A,A,A,C,B,A,25.0,B,A,B,H,A,A,B,E,E,F,4.0,5.0,3.0,4.0,6.0,6.0,5.0,5.0,5.0,5.0,6.0,5.0,2.0,5.0,6.0,2.0,6.0,6.0,6.0,4.0,5.0,5.0,5.0,8.0,8.0,6.0,6.0,6.0,5.0,5.0,4.0,6.0,6.0,6.0,3.0,5.0,5.0,7.0,7.0,5.0,5.0,3.0,,,,,,,,,,,,,,CIÊNCIA DA COMPUTAÇÃO,UNIVERSIDADE FEDERAL DE CAMPINA GRANDE (UFCG),UFCG,Campina Grande,PB
2017,2564,1,10028,4004,13446,1,2504009,25,2,23,M,2011.0,2012.0,1.0,0,1,8,0,0,0,27,0,3,0,CCBBCEAD,CCBBCEAD,ACECBCDEADEDACAECEBDEBEBDAE,ACECBCDEADEDXCAEXXBDEBEBDAE,CCBBCEAD,11111111.0,ECECBCDEADEDACBECADDEBECEAE,011111111111910199011110011,555.0,555.0,555.0,555.0,555.0,555.0,555.0,555.0,555.0,555.0,555.0,80.8,82.8,100.0,57.0,63.0,75.0,60.0,51.0,75.0,45.0,80.1,79.2,85.0,70.0,85.0,100.0,D,D,B,B,B,C,D,D,D,A,A,A,E,E,B,B,A,C,A,A,A,B,B,A,25.0,B,A,A,A,A,A,A,E,E,F,4.0,6.0,3.0,4.0,3.0,4.0,4.0,3.0,2.0,6.0,4.0,5.0,5.0,5.0,5.0,3.0,6.0,6.0,6.0,5.0,5.0,5.0,4.0,7.0,5.0,5.0,5.0,5.0,5.0,5.0,6.0,5.0,4.0,5.0,3.0,3.0,3.0,4.0,7.0,3.0,3.0,2.0,,,,,,,,,,,,,,CIÊNCIA DA COMPUTAÇÃO,UNIVERSIDADE FEDERAL DE CAMPINA GRANDE (UFCG),UFCG,Campina Grande,PB
2017,2564,1,10028,4004,13446,1,2504009,25,2,22,F,2012.0,2013.0,1.0,0,1,8,0,0,0,27,0,3,0,CCBBCEAD,CCBBCEAD,ACECBCDEADEDACAECEBDEBEBDAE,ACECBCDEADEDXCAEXXBDEBEBDAE,DCCCBCCD,1000001.0,CCEADCCEBAADDDCADAEDCBCACCE,011001010001900099010100001,555.0,555.0,555.0,555.0,555.0,555.0,555.0,555.0,555.0,555.0,555.0,37.2,40.4,25.0,63.5,64.0,80.0,60.0,63.0,35.0,70.0,36.1,33.3,51.7,0.0,55.0,100.0,D,D,C,B,B,B,D,D,B,A,A,A,C,D,B,D,B,B,A,A,A,F,A,A,25.0,B,A,G,G,A,A,D,A,C,C,5.0,4.0,5.0,5.0,5.0,6.0,5.0,4.0,4.0,6.0,6.0,5.0,4.0,4.0,6.0,6.0,5.0,5.0,4.0,4.0,6.0,6.0,6.0,6.0,6.0,3.0,3.0,6.0,6.0,6.0,6.0,6.0,6.0,6.0,6.0,6.0,6.0,6.0,7.0,5.0,1.0,5.0,,,,,,,,,,,,,,CIÊNCIA DA COMPUTAÇÃO,UNIVERSIDADE FEDERAL DE CAMPINA GRANDE (UFCG),UFCG,Campina Grande,PB
2017,2564,1,10028,4004,13446,1,2504009,25,2,22,F,2012.0,2013.0,1.0,0,1,8,0,0,0,27,0,3,0,CCBBCEAD,CCBBCEAD,ACECBCDEADEDACAECEBDEBEBDAE,ACECBCDEADEDXCAEXXBDEBEBDAE,CCBBCECC,11111100.0,DDECBCBEACEDACEEAAECEBDBCDE,001111011011910199001101001,555.0,555.0,555.0,555.0,555.0,555.0,555.0,555.0,555.0,555.0,555.0,60.6,71.8,75.0,67.0,61.0,65.0,60.0,73.0,65.0,75.0,56.8,58.3,48.3,70.0,55.0,20.0,B,C,C,A,A,C,D,D,D,A,D,A,B,D,E,A,C,D,E,A,E,C,F,A,25.0,A,B,D,C,A,E,B,A,E,F,5.0,6.0,5.0,6.0,5.0,6.0,4.0,4.0,4.0,6.0,5.0,5.0,6.0,5.0,6.0,4.0,6.0,6.0,6.0,4.0,6.0,6.0,6.0,6.0,6.0,6.0,6.0,6.0,5.0,5.0,5.0,6.0,4.0,6.0,4.0,4.0,4.0,4.0,8.0,3.0,3.0,2.0,,,,,,,,,,,,,,CIÊNCIA DA COMPUTAÇÃO,UNIVERSIDADE FEDERAL DE CAMPINA GRANDE (UFCG),UFCG,Campina Grande,PB
2017,2564,1,10028,4004,13446,1,2504009,25,2,22,F,2012.0,2013.0,1.0,0,1,8,0,0,0,27,0,3,0,CCBBCEAD,CCBBCEAD,ACECBCDEADEDACAECEBDEBEBDAE,ACECBCDEADEDXCAEXXBDEBEBDAE,DEBBEDDD,110001.0,EAEDBCADADCEBCDEDCADDBAADAB,001011001100910199010100110,555.0,555.0,555.0,555.0,555.0,555.0,555.0,555.0,555.0,555.0,555.0,49.0,51.3,37.5,72.0,72.0,60.0,75.0,72.0,80.0,70.0,48.2,45.8,61.7,30.0,95.0,60.0,B,C,B,A,B,B,A,D,D,A,A,A,B,B,B,F,B,C,C,A,A,C,A,C,25.0,A,A,A,G,A,A,E,E,C,F,6.0,6.0,6.0,6.0,6.0,6.0,6.0,5.0,4.0,6.0,6.0,6.0,6.0,5.0,6.0,6.0,6.0,6.0,6.0,5.0,6.0,5.0,6.0,8.0,8.0,6.0,6.0,6.0,6.0,6.0,6.0,6.0,6.0,6.0,5.0,5.0,6.0,6.0,6.0,6.0,4.0,1.0,,,,,,,,,,,,,,CIÊNCIA DA COMPUTAÇÃO,UNIVERSIDADE FEDERAL DE CAMPINA GRANDE (UFCG),UFCG,Campina Grande,PB
2017,2564,1,10028,4004,13446,1,2504009,25,2,23,M,2012.0,2013.0,1.0,0,1,8,0,0,0,27,0,3,0,CCBBCEAD,CCBBCEAD,ACECBCDEADEDACAECEBDEBEBDAE,ACECBCDEADEDXCAEXXBDEBEBDAE,CCEBEEBE,11010100.0,DAEABBCEADEDBAECABADEBAEDDB,001010011111900099011100100,555.0,555.0,555.0,555.0,555.0,555.0,555.0,555.0,555.0,555.0,555.0,46.3,57.2,50.0,68.0,64.0,40.0,70.0,72.0,60.0,75.0,42.7,45.8,25.0,0.0,75.0,0.0,B,C,C,B,A,A,B,D,C,A,A,A,B,E,B,D,E,D,A,A,A,F,A,A,24.0,B,A,B,C,A,C,D,C,E,F,6.0,5.0,6.0,6.0,6.0,6.0,6.0,6.0,5.0,6.0,5.0,6.0,6.0,6.0,6.0,6.0,6.0,6.0,6.0,8.0,4.0,5.0,6.0,6.0,6.0,6.0,6.0,6.0,6.0,6.0,6.0,6.0,6.0,6.0,3.0,3.0,5.0,5.0,3.0,4.0,4.0,5.0,,,,,,,,,,,,,,CIÊNCIA DA COMPUTAÇÃO,UNIVERSIDADE FEDERAL DE CAMPINA GRANDE (UFCG),UFCG,Campina Grande,PB
2017,2564,1,10028,4004,13446,1,2504009,25,2,27,M,2007.0,2012.0,1.0,0,1,8,0,0,0,27,0,3,0,CCBBCEAD,CCBBCEAD,ACECBCDEADEDACAECEBDEBEBDAE,ACECBCDEADEDXCAEXXBDEBEBDAE,CBABCEBD,10011101.0,DCEAACCCADEEBBAEABEEDBEBEDE,011001001110901199000111001,555.0,555.0,555.0,555.0,555.0,555.0,555.0,555.0,555.0,555.0,555.0,55.0,54.1,62.5,41.5,30.0,50.0,25.0,53.0,65.0,50.0,55.3,50.0,85.0,70.0,85.0,100.0,,,,,,,,,,A,D,A,F,F,B,E,F,D,A,G,A,F,B,A,25.0,B,A,B,A,A,A,C,E,A,A,4.0,3.0,2.0,3.0,2.0,5.0,3.0,3.0,2.0,5.0,5.0,3.0,4.0,4.0,5.0,5.0,6.0,6.0,5.0,1.0,4.0,5.0,5.0,1.0,3.0,5.0,5.0,6.0,4.0,5.0,5.0,5.0,4.0,5.0,4.0,4.0,4.0,4.0,3.0,4.0,1.0,4.0,,,,,,,,,,,,,,CIÊNCIA DA COMPUTAÇÃO,UNIVERSIDADE FEDERAL DE CAMPINA GRANDE (UFCG),UFCG,Campina Grande,PB
2017,2564,1,10028,4004,13446,1,2504009,25,2,21,M,2013.0,2013.0,1.0,0,1,8,0,0,0,27,0,3,0,CCBBCEAD,CCBBCEAD,ACECBCDEADEDACAECEBDEBEBDAE,ACECBCDEADEDXCAEXXBDEBEBDAE,CCABCEBD,11011101.0,AAECBBDEADCAAABCACDDECABDBB,101110111100900099011001100,555.0,555.0,555.0,333.0,555.0,333.0,333.0,333.0,333.0,333.0,333.0,43.1,45.0,75.0,0.0,0.0,0.0,0.0,0.0,0.0,0.0,42.5,50.0,0.0,0.0,0.0,0.0,C,D,C,B,B,C,D,D,B,A,D,A,D,D,B,D,B,B,A,A,A,D,A,A,25.0,B,A,B,A,A,C,B,A,E,F,6.0,6.0,5.0,5.0,5.0,6.0,5.0,4.0,6.0,5.0,5.0,5.0,3.0,4.0,6.0,6.0,6.0,6.0,6.0,6.0,5.0,6.0,5.0,8.0,8.0,6.0,6.0,6.0,5.0,6.0,5.0,6.0,6.0,6.0,4.0,6.0,5.0,5.0,3.0,5.0,6.0,5.0,,,,,,,,,,,,,,CIÊNCIA DA COMPUTAÇÃO,UNIVERSIDADE FEDERAL DE CAMPINA GRANDE (UFCG),UFCG,Campina Grande,PB
2017,2564,1,10028,4004,13446,1,2504009,25,2,22,M,2011.0,2012.0,1.0,0,1,8,0,0,0,27,0,3,0,CCBBCEAD,CCBBCEAD,ACECBCDEADEDACAECEBDEBEBDAE,ACECBCDEADEDXCAEXXBDEBEBDAE,DCBBCEDD,1111101.0,ACBEBCDDADEDBCCCADBDAECBAEB,110011101111910099110001000,555.0,555.0,555.0,555.0,555.0,555.0,555.0,555.0,555.0,555.0,555.0,59.3,66.8,75.0,54.5,54.0,70.0,50.0,55.0,75.0,50.0,56.8,54.2,71.7,100.0,95.0,20.0,B,B,C,B,B,B,E,D,B,A,A,A,D,D,B,D,B,C,A,A,A,B,B,A,25.0,A,B,B,C,B,C,D,C,E,F,6.0,5.0,4.0,6.0,4.0,6.0,4.0,5.0,4.0,6.0,5.0,4.0,5.0,3.0,6.0,6.0,6.0,6.0,4.0,2.0,6.0,5.0,5.0,6.0,5.0,6.0,6.0,5.0,8.0,5.0,5.0,6.0,6.0,6.0,3.0,5.0,5.0,5.0,1.0,5.0,7.0,1.0,,,,,,,,,,,,,,CIÊNCIA DA COMPUTAÇÃO,UNIVERSIDADE FEDERAL DE CAMPINA GRANDE (UFCG),UFCG,Campina Grande,PB
2017,2564,1,10028,4004,13446,1,2504009,25,2,22,M,2012.0,2013.0,1.0,0,1,8,0,0,0,27,0,3,0,CCBBCEAD,CCBBCEAD,ACECBCDEADEDACAECEBDEBEBDAE,ACECBCDEADEDXCAEXXBDEBEBDAE,CCBBCEAD,11111111.0,AAEABCAEADDDBCBCCCDEEBEBEAE,101011011101910099001111011,555.0,555.0,555.0,555.0,555.0,555.0,555.0,555.0,555.0,555.0,555.0,70.7,85.0,100.0,62.5,79.0,75.0,80.0,46.0,50.0,45.0,65.9,62.5,85.0,100.0,55.0,100.0,C,C,D,C,B,B,D,D,B,A,D,A,E,E,B,E,F,C,B,A,A,B,B,A,25.0,B,A,B,A,A,E,E,E,H,F,1.0,5.0,4.0,4.0,4.0,6.0,4.0,4.0,4.0,4.0,4.0,4.0,4.0,5.0,6.0,5.0,6.0,5.0,6.0,6.0,5.0,5.0,6.0,6.0,5.0,6.0,6.0,5.0,5.0,6.0,6.0,6.0,5.0,5.0,5.0,5.0,6.0,6.0,5.0,5.0,6.0,6.0,,,,,,,,,,,,,,CIÊNCIA DA COMPUTAÇÃO,UNIVERSIDADE FEDERAL DE CAMPINA GRANDE (UFCG),UFCG,Campina Grande,PB
2017,2564,1,10028,4004,13446,1,2504009,25,2,22,M,2012.0,2013.0,1.0,0,1,8,0,0,0,27,0,3,0,CCBBCEAD,CCBBCEAD,ACECBCDEADEDACAECEBDEBEBDAE,ACECBCDEADEDXCAEXXBDEBEBDAE,AEABCEDE,11100.0,EBECBCBEADBECCADBEEDACADDCB,001111011100911099010000100,555.0,555.0,555.0,555.0,555.0,333.0,555.0,555.0,333.0,333.0,333.0,42.3,52.5,37.5,75.0,77.0,65.0,80.0,73.0,65.0,75.0,38.9,45.8,0.0,0.0,0.0,0.0,C,C,C,B,B,B,D,C,B,A,D,A,D,E,B,D,E,C,D,A,A,C,A,A,25.0,B,A,B,C,A,C,C,E,B,F,6.0,6.0,4.0,5.0,4.0,7.0,4.0,5.0,5.0,5.0,5.0,6.0,6.0,5.0,7.0,7.0,7.0,6.0,6.0,5.0,6.0,6.0,7.0,7.0,7.0,5.0,4.0,7.0,6.0,6.0,6.0,7.0,6.0,6.0,5.0,5.0,7.0,6.0,7.0,4.0,5.0,4.0,,,,,,,,,,,,,,CIÊNCIA DA COMPUTAÇÃO,UNIVERSIDADE FEDERAL DE CAMPINA GRANDE (UFCG),UFCG,Campina Grande,PB
2017,2564,1,10028,4004,13446,1,2504009,25,2,23,F,2011.0,2014.0,1.0,0,1,8,0,0,0,27,0,3,0,CCBBCEAD,CCBBCEAD,ACECBCDEADEDACAECEBDEBEBDAE,ACECBCDEADEDXCAEXXBDEBEBDAE,BAEBCECB,11100.0,ADEDBDAEAAADBCDEBADDECECBED,101010011001910199011010000,555.0,555.0,555.0,555.0,555.0,555.0,555.0,555.0,555.0,555.0,555.0,48.6,45.3,37.5,57.0,64.0,60.0,65.0,50.0,50.0,50.0,49.7,45.8,71.7,70.0,65.0,80.0,B,C,C,B,B,C,B,D,,A,D,A,E,D,B,E,E,C,A,A,A,B,A,A,25.0,B,A,B,C,A,C,E,E,H,A,6.0,5.0,5.0,5.0,6.0,6.0,5.0,5.0,4.0,5.0,6.0,5.0,4.0,5.0,6.0,5.0,5.0,6.0,4.0,6.0,6.0,6.0,5.0,8.0,5.0,6.0,5.0,6.0,5.0,5.0,5.0,6.0,6.0,6.0,4.0,6.0,5.0,5.0,7.0,5.0,7.0,3.0,,,,,,,,,,,,,,CIÊNCIA DA COMPUTAÇÃO,UNIVERSIDADE FEDERAL DE CAMPINA GRANDE (UFCG),UFCG,Campina Grande,PB
2017,2564,1,10028,4004,13446,1,2504009,25,2,21,M,2013.0,2014.0,1.0,0,1,8,0,0,0,27,0,3,0,CCBBCEAD,CCBBCEAD,ACECBCDEADEDACAECEBDEBEBDAE,ACECBCDEADEDXCAEXXBDEBEBDAE,DCBBCEBD,1111101.0,AABCBCADAAAABCAEECCDCBDAEDE,100111001000911199010100001,555.0,555.0,555.0,555.0,555.0,555.0,555.0,555.0,555.0,555.0,555.0,57.8,73.2,75.0,70.5,66.0,70.0,65.0,75.0,75.0,75.0,52.7,45.8,91.7,90.0,95.0,90.0,C,C,C,B,A,C,A,D,C,A,A,A,E,D,B,D,E,C,A,A,A,D,A,A,25.0,B,A,B,C,A,A,B,E,A,A,4.0,6.0,4.0,6.0,4.0,6.0,3.0,1.0,4.0,6.0,5.0,5.0,4.0,4.0,6.0,6.0,6.0,6.0,6.0,7.0,6.0,6.0,6.0,8.0,8.0,7.0,6.0,6.0,6.0,6.0,6.0,6.0,6.0,6.0,6.0,6.0,6.0,6.0,7.0,3.0,7.0,6.0,,,,,,,,,,,,,,CIÊNCIA DA COMPUTAÇÃO,UNIVERSIDADE FEDERAL DE CAMPINA GRANDE (UFCG),UFCG,Campina Grande,PB
2017,2564,1,10028,4004,13446,1,2504009,25,2,22,M,2012.0,2013.0,1.0,0,1,8,0,0,0,27,0,3,0,CCBBCEAD,CCBBCEAD,ACECBCDEADEDACAECEBDEBEBDAE,ACECBCDEADEDXCAEXXBDEBEBDAE,DCDBCECE,1011100.0,DADACCADABEDBCDCACBEEBDBDED,000001001011910099101101100,555.0,555.0,555.0,555.0,555.0,555.0,555.0,555.0,555.0,555.0,555.0,46.1,60.2,50.0,75.5,77.0,65.0,80.0,74.0,70.0,75.0,41.4,41.7,40.0,40.0,50.0,30.0,B,C,D,B,B,B,C,D,C,A,D,A,D,D,B,D,A,C,C,H,A,F,B,A,25.0,B,A,C,A,A,B,B,B,E,E,4.0,4.0,3.0,4.0,5.0,4.0,4.0,5.0,6.0,4.0,4.0,5.0,3.0,4.0,6.0,3.0,4.0,4.0,5.0,3.0,4.0,5.0,3.0,4.0,5.0,5.0,4.0,4.0,5.0,3.0,4.0,5.0,5.0,6.0,2.0,5.0,4.0,3.0,5.0,4.0,3.0,5.0,,,,,,,,,,,,,,CIÊNCIA DA COMPUTAÇÃO,UNIVERSIDADE FEDERAL DE CAMPINA GRANDE (UFCG),UFCG,Campina Grande,PB
2017,2564,1,10028,4004,13446,1,2504009,25,2,26,M,2009.0,2013.0,1.0,0,1,8,0,0,0,27,0,3,0,CCBBCEAD,CCBBCEAD,ACECBCDEADEDACAECEBDEBEBDAE,ACECBCDEADEDXCAEXXBDEBEBDAE,ABDEEECC,100.0,DBEDBCAEADADBCDECABDDEDEBAC,001011011101910199110000010,555.0,555.0,555.0,555.0,555.0,555.0,555.0,555.0,555.0,555.0,555.0,43.8,19.7,12.5,30.5,55.0,75.0,50.0,6.0,30.0,0.0,51.8,50.0,61.7,20.0,65.0,100.0,C,C,B,B,B,B,D,D,C,A,A,A,C,C,D,C,C,C,C,A,A,C,A,A,25.0,B,A,B,C,B,C,C,A,E,F,5.0,4.0,3.0,4.0,5.0,6.0,3.0,5.0,5.0,6.0,2.0,3.0,4.0,3.0,5.0,6.0,6.0,6.0,6.0,4.0,5.0,4.0,4.0,8.0,8.0,5.0,5.0,6.0,4.0,3.0,5.0,6.0,5.0,5.0,3.0,4.0,4.0,5.0,8.0,4.0,5.0,5.0,,,,,,,,,,,,,,CIÊNCIA DA COMPUTAÇÃO,UNIVERSIDADE FEDERAL DE CAMPINA GRANDE (UFCG),UFCG,Campina Grande,PB
2017,2564,1,10028,4004,13446,1,2504009,25,2,25,M,2010.0,2012.0,1.0,0,1,8,0,0,0,27,0,3,0,CCBBCEAD,CCBBCEAD,ACECBCDEADEDACAECEBDEBEBDAE,ACECBCDEADEDXCAEXXBDEBEBDAE,EDBBEEDE,110100.0,AAECBCACABEDDAAEDCBDEBBBEEB,101111001011901199111101000,555.0,555.0,555.0,555.0,555.0,555.0,555.0,555.0,555.0,555.0,555.0,59.3,56.1,37.5,84.0,73.0,65.0,75.0,95.0,75.0,100.0,60.4,62.5,48.3,70.0,75.0,0.0,D,C,B,C,C,C,B,D,C,A,A,A,D,B,B,G,C,C,A,A,A,B,A,A,25.0,B,A,B,C,A,C,C,A,H,A,8.0,3.0,8.0,7.0,7.0,3.0,8.0,8.0,1.0,5.0,3.0,5.0,4.0,2.0,6.0,6.0,4.0,6.0,5.0,7.0,6.0,6.0,6.0,5.0,5.0,4.0,5.0,5.0,4.0,5.0,5.0,6.0,4.0,3.0,4.0,3.0,4.0,4.0,1.0,7.0,7.0,3.0,,,,,,,,,,,,,,CIÊNCIA DA COMPUTAÇÃO,UNIVERSIDADE FEDERAL DE CAMPINA GRANDE (UFCG),UFCG,Campina Grande,PB
2017,2564,1,10028,4004,13446,1,2504009,25,2,21,F,2012.0,2013.0,1.0,0,1,8,0,0,0,27,0,3,0,CCBBCEAD,CCBBCEAD,ACECBCDEADEDACAECEBDEBEBDAE,ACECBCDEADEDXCAEXXBDEBEBDAE,ECABDEAD,1010111.0,DAEEBCBDCDEDBCBCAEDDABCADED,001011000111910099010100100,555.0,555.0,555.0,555.0,555.0,555.0,555.0,555.0,555.0,555.0,555.0,54.3,71.5,62.5,85.0,75.0,75.0,75.0,95.0,75.0,100.0,48.5,41.7,86.7,100.0,70.0,90.0,C,C,C,D,B,C,E,D,D,A,A,A,B,C,B,B,B,D,A,A,A,B,A,A,25.0,A,A,B,C,A,B,E,D,A,A,5.0,6.0,6.0,6.0,5.0,6.0,5.0,6.0,5.0,6.0,5.0,6.0,5.0,6.0,6.0,6.0,6.0,6.0,6.0,7.0,6.0,5.0,6.0,6.0,8.0,5.0,5.0,6.0,5.0,6.0,5.0,6.0,5.0,6.0,5.0,5.0,6.0,5.0,7.0,5.0,5.0,5.0,,,,,,,,,,,,,,CIÊNCIA DA COMPUTAÇÃO,UNIVERSIDADE FEDERAL DE CAMPINA GRANDE (UFCG),UFCG,Campina Grande,PB
2017,2564,1,10028,4004,13446,1,2504009,25,2,24,F,2010.0,2013.0,1.0,0,1,8,0,0,0,27,0,3,0,CCBBCEAD,CCBBCEAD,ACECBCDEADEDACAECEBDEBEBDAE,ACECBCDEADEDXCAEXXBDEBEBDAE,CDDBCEDE,10011100.0,EAEBCCBDBDEDBCAACCBDEBBABDE,001001000111911099111100001,555.0,555.0,555.0,555.0,555.0,555.0,555.0,555.0,555.0,555.0,333.0,51.1,60.2,50.0,75.5,79.0,75.0,80.0,72.0,60.0,75.0,48.0,50.0,36.7,30.0,80.0,0.0,C,C,C,B,B,B,B,D,C,A,C,A,B,C,B,F,B,B,A,A,A,B,B,A,25.0,B,A,B,C,A,A,B,E,H,C,6.0,6.0,6.0,6.0,6.0,6.0,6.0,6.0,3.0,6.0,5.0,6.0,4.0,1.0,6.0,6.0,4.0,4.0,1.0,1.0,5.0,4.0,6.0,7.0,8.0,4.0,4.0,6.0,6.0,6.0,6.0,6.0,2.0,6.0,1.0,3.0,1.0,1.0,1.0,7.0,8.0,1.0,,,,,,,,,,,,,,CIÊNCIA DA COMPUTAÇÃO,UNIVERSIDADE FEDERAL DE CAMPINA GRANDE (UFCG),UFCG,Campina Grande,PB
2017,2564,1,10028,4004,13446,1,2504009,25,2,25,M,2010.0,2011.0,1.0,0,1,8,0,0,0,27,0,3,0,CCBBCEAD,CCBBCEAD,ACECBCDEADEDACAECEBDEBEBDAE,ACECBCDEADEDXCAEXXBDEBEBDAE,DAECCEAD,1111.0,AAECCCBEAEAECCAECEACCBDBCCC,101101011000911199000101000,555.0,555.0,555.0,555.0,555.0,555.0,555.0,555.0,555.0,555.0,333.0,50.7,65.6,50.0,89.0,80.0,80.0,80.0,98.0,90.0,100.0,45.7,45.8,45.0,70.0,65.0,0.0,D,D,C,E,A,B,A,D,D,A,B,A,D,D,D,A,C,C,A,A,A,F,B,A,23.0,A,A,A,K,A,C,E,E,A,F,3.0,1.0,3.0,1.0,4.0,1.0,1.0,1.0,4.0,1.0,4.0,2.0,2.0,5.0,1.0,1.0,1.0,1.0,4.0,1.0,1.0,2.0,1.0,1.0,8.0,1.0,1.0,1.0,1.0,1.0,3.0,1.0,1.0,1.0,3.0,3.0,3.0,4.0,6.0,4.0,6.0,4.0,,,,,,,,,,,,,,CIÊNCIA DA COMPUTAÇÃO,UNIVERSIDADE FEDERAL DE CAMPINA GRANDE (UFCG),UFCG,Campina Grande,PB
2017,2564,1,10028,4004,13446,1,2504009,25,2,25,M,2009.0,2012.0,1.0,0,1,8,0,0,0,27,0,3,0,CCBBCEAD,CCBBCEAD,ACECBCDEADEDACAECEBDEBEBDAE,ACECBCDEADEDXCAEXXBDEBEBDAE,CCCBCEAD,11011111.0,AAECBDDDAADBBCDECCDEABDBDDB,101110101000910199000101100,555.0,555.0,555.0,555.0,555.0,555.0,555.0,555.0,555.0,555.0,555.0,55.9,73.1,87.5,51.5,53.0,65.0,50.0,50.0,70.0,45.0,50.2,45.8,75.0,70.0,65.0,90.0,C,D,C,B,B,D,C,D,B,A,D,A,E,D,B,F,C,E,B,A,A,A,A,A,25.0,B,A,A,C,A,B,B,B,G,F,4.0,4.0,2.0,4.0,4.0,6.0,5.0,5.0,5.0,4.0,4.0,4.0,4.0,1.0,5.0,5.0,6.0,6.0,6.0,6.0,6.0,5.0,6.0,8.0,6.0,5.0,6.0,6.0,6.0,6.0,6.0,6.0,5.0,6.0,5.0,4.0,4.0,7.0,7.0,5.0,4.0,5.0,,,,,,,,,,,,,,CIÊNCIA DA COMPUTAÇÃO,UNIVERSIDADE FEDERAL DE CAMPINA GRANDE (UFCG),UFCG,Campina Grande,PB
2017,2564,1,10028,4004,13446,1,2504009,25,2,21,M,2012.0,2013.0,1.0,0,1,8,0,0,0,27,0,3,0,CCBBCEAD,CCBBCEAD,ACECBCDEADEDACAECEBDEBEBDAE,ACECBCDEADEDXCAEXXBDEBEBDAE,CBDBCEAD,10011111.0,DAEABCDDAAEDECEDEADDBEBCDDA,001011101011910099010000100,555.0,555.0,555.0,555.0,555.0,555.0,555.0,333.0,555.0,333.0,555.0,45.1,56.2,75.0,28.0,56.0,80.0,50.0,0.0,0.0,0.0,41.4,41.7,40.0,30.0,0.0,90.0,D,C,C,C,D,B,D,D,,A,D,A,E,C,B,C,A,B,A,A,A,F,A,A,25.0,A,A,B,B,A,C,C,E,H,F,5.0,5.0,4.0,4.0,5.0,5.0,5.0,4.0,5.0,6.0,5.0,5.0,6.0,3.0,6.0,5.0,6.0,6.0,4.0,3.0,6.0,5.0,5.0,8.0,8.0,6.0,5.0,6.0,6.0,5.0,5.0,5.0,5.0,6.0,5.0,5.0,4.0,5.0,1.0,4.0,3.0,4.0,,,,,,,,,,,,,,CIÊNCIA DA COMPUTAÇÃO,UNIVERSIDADE FEDERAL DE CAMPINA GRANDE (UFCG),UFCG,Campina Grande,PB
2017,2564,1,10028,4004,13446,1,2504009,25,2,22,F,2011.0,2013.0,1.0,0,1,8,0,0,0,27,0,3,0,CCBBCEAD,CCBBCEAD,ACECBCDEADEDACAECEBDEBEBDAE,ACECBCDEADEDXCAEXXBDEBEBDAE,CCABCEDD,11011101.0,AAECACACABDDECECAEBDDDEBECB,101101001001910099110011000,555.0,555.0,555.0,555.0,555.0,555.0,555.0,555.0,555.0,555.0,555.0,50.3,71.6,75.0,66.5,80.0,80.0,80.0,53.0,65.0,50.0,43.2,45.8,28.3,0.0,65.0,20.0,B,C,C,B,B,D,B,D,C,A,A,A,E,E,B,C,F,B,B,A,A,F,A,A,25.0,B,A,A,G,A,C,D,E,H,F,6.0,6.0,6.0,6.0,6.0,6.0,6.0,6.0,6.0,6.0,6.0,6.0,6.0,5.0,6.0,6.0,6.0,6.0,6.0,7.0,6.0,6.0,6.0,8.0,8.0,6.0,6.0,6.0,6.0,6.0,6.0,6.0,6.0,6.0,6.0,6.0,5.0,6.0,7.0,5.0,6.0,4.0,,,,,,,,,,,,,,CIÊNCIA DA COMPUTAÇÃO,UNIVERSIDADE FEDERAL DE CAMPINA GRANDE (UFCG),UFCG,Campina Grande,PB
2017,2564,1,10028,4004,13446,1,2504009,25,2,24,F,2010.0,2016.0,1.0,0,1,8,0,0,0,27,0,3,0,CCBBCEAD,CCBBCEAD,ACECBCDEADEDACAECEBDEBEBDAE,ACECBCDEADEDXCAEXXBDEBEBDAE,DCBACEDD,1101101.0,DAACBCAEADBDBCDECEDEDBDBCDD,000111011101910199000101000,555.0,555.0,555.0,555.0,555.0,555.0,555.0,555.0,555.0,555.0,555.0,49.6,58.3,62.5,52.0,48.0,80.0,40.0,56.0,80.0,50.0,46.7,45.8,51.7,70.0,55.0,30.0,C,D,C,B,B,C,B,D,C,A,A,A,F,E,B,D,F,B,A,A,A,A,A,A,25.0,B,A,B,C,A,D,E,C,B,F,6.0,8.0,5.0,5.0,5.0,5.0,5.0,5.0,5.0,6.0,5.0,5.0,5.0,4.0,5.0,6.0,6.0,6.0,6.0,5.0,5.0,5.0,5.0,8.0,8.0,6.0,6.0,6.0,5.0,5.0,6.0,6.0,6.0,5.0,4.0,4.0,4.0,5.0,7.0,5.0,4.0,4.0,,,,,,,,,,,,,,CIÊNCIA DA COMPUTAÇÃO,UNIVERSIDADE FEDERAL DE CAMPINA GRANDE (UFCG),UFCG,Campina Grande,PB
2017,2564,1,10028,4004,13446,1,2504009,25,2,29,F,2005.0,2013.0,1.0,0,1,8,0,0,0,27,0,3,0,CCBBCEAD,CCBBCEAD,ACECBCDEADEDACAECEBDEBEBDAE,ACECBCDEADEDXCAEXXBDEBEBDAE,AABBEEEE,110100.0,DAEABCBEDEEBBAEEAABDEBECCCD,001011010010900199111110000,555.0,555.0,555.0,555.0,555.0,555.0,555.0,555.0,555.0,333.0,333.0,41.7,49.9,37.5,68.5,71.0,75.0,70.0,66.0,50.0,70.0,38.9,45.8,0.0,0.0,0.0,0.0,C,C,C,D,C,C,B,D,D,A,D,A,E,D,A,A,B,D,D,A,A,F,A,A,25.0,B,A,B,I,A,B,C,A,A,F,5.0,5.0,6.0,6.0,5.0,6.0,5.0,4.0,4.0,6.0,5.0,5.0,5.0,5.0,6.0,6.0,6.0,6.0,6.0,6.0,6.0,6.0,6.0,6.0,6.0,6.0,6.0,6.0,6.0,6.0,6.0,6.0,6.0,6.0,5.0,4.0,4.0,4.0,5.0,4.0,3.0,2.0,,,,,,,,,,,,,,CIÊNCIA DA COMPUTAÇÃO,UNIVERSIDADE FEDERAL DE CAMPINA GRANDE (UFCG),UFCG,Campina Grande,PB
2017,2564,1,10028,4004,13446,1,2504009,25,2,23,M,2010.0,2013.0,1.0,0,1,8,0,0,0,27,0,3,0,CCBBCEAD,CCBBCEAD,ACECBCDEADEDACAECEBDEBEBDAE,ACECBCDEADEDXCAEXXBDEBEBDAE,ECABEEDE,1010100.0,DAEABBCEADEBCCEEAAEDEBAACCB,001010011110910199011100000,555.0,555.0,555.0,333.0,555.0,555.0,333.0,333.0,555.0,333.0,333.0,37.4,22.5,37.5,0.0,0.0,0.0,0.0,0.0,0.0,0.0,42.4,45.8,23.3,70.0,0.0,0.0,D,C,B,D,B,C,E,D,D,A,A,A,E,E,B,E,C,B,A,A,A,A,A,A,25.0,B,A,B,C,A,E,B,E,A,F,4.0,4.0,4.0,4.0,4.0,6.0,5.0,4.0,4.0,5.0,3.0,5.0,5.0,4.0,6.0,5.0,6.0,6.0,6.0,7.0,5.0,6.0,6.0,8.0,8.0,5.0,5.0,6.0,6.0,5.0,6.0,6.0,6.0,5.0,6.0,5.0,6.0,5.0,1.0,4.0,3.0,4.0,,,,,,,,,,,,,,CIÊNCIA DA COMPUTAÇÃO,UNIVERSIDADE FEDERAL DE CAMPINA GRANDE (UFCG),UFCG,Campina Grande,PB
2017,2564,1,10028,4004,13446,1,2504009,25,2,25,F,2010.0,2014.0,1.0,0,1,8,0,0,0,27,0,3,0,CCBBCEAD,CCBBCEAD,ACECBCDEADEDACAECEBDEBEBDAE,ACECBCDEADEDXCAEXXBDEBEBDAE,EAEBCECB,11100.0,DCEDBCAEABEBABEECBCEAEABDBD,011011011010900199000001100,555.0,555.0,555.0,555.0,555.0,555.0,555.0,555.0,555.0,555.0,555.0,41.8,50.9,37.5,71.0,67.0,75.0,65.0,75.0,75.0,75.0,38.7,41.7,21.7,0.0,65.0,0.0,A,C,C,A,B,D,B,C,D,A,A,A,D,D,B,D,C,B,A,A,A,A,A,A,25.0,A,A,B,C,A,E,B,E,A,F,5.0,5.0,5.0,5.0,5.0,6.0,5.0,6.0,5.0,6.0,5.0,5.0,5.0,5.0,5.0,6.0,6.0,5.0,5.0,5.0,5.0,4.0,6.0,7.0,5.0,6.0,6.0,6.0,6.0,6.0,5.0,6.0,6.0,6.0,6.0,6.0,6.0,5.0,5.0,6.0,5.0,5.0,,,,,,,,,,,,,,CIÊNCIA DA COMPUTAÇÃO,UNIVERSIDADE FEDERAL DE CAMPINA GRANDE (UFCG),UFCG,Campina Grande,PB
2017,2564,1,10028,4004,13446,1,2504009,25,2,24,M,2010.0,2011.0,1.0,0,1,8,0,0,0,27,0,3,0,CCBBCEAD,CCBBCEAD,ACECBCDEADEDACAECEBDEBEBDAE,ACECBCDEADEDXCAEXXBDEBEBDAE,CCBBCEAD,11111111.0,AAECACDEADEDBCADEEEDDAEBEAE,101101111111911099010011011,555.0,555.0,555.0,555.0,555.0,555.0,555.0,555.0,555.0,555.0,555.0,74.6,87.6,100.0,69.0,71.0,55.0,75.0,67.0,55.0,70.0,70.2,70.8,66.7,30.0,90.0,80.0,C,C,B,B,A,B,A,D,D,A,A,A,E,D,B,C,A,B,A,A,A,B,B,A,25.0,B,A,A,B,A,E,C,E,E,C,6.0,5.0,5.0,5.0,4.0,6.0,5.0,6.0,6.0,5.0,6.0,6.0,6.0,6.0,6.0,6.0,6.0,6.0,6.0,6.0,6.0,6.0,6.0,8.0,6.0,7.0,6.0,6.0,6.0,6.0,5.0,6.0,4.0,6.0,5.0,6.0,6.0,5.0,7.0,6.0,6.0,4.0,,,,,,,,,,,,,,CIÊNCIA DA COMPUTAÇÃO,UNIVERSIDADE FEDERAL DE CAMPINA GRANDE (UFCG),UFCG,Campina Grande,PB
2017,2564,1,10028,4004,13446,1,2504009,25,2,23,M,2012.0,2012.0,1.0,0,1,8,0,0,0,27,0,3,0,CCBBCEAD,CCBBCEAD,ACECBCDEADEDACAECEBDEBEBDAE,ACECBCDEADEDXCAEXXBDEBEBDAE,BCCEEEDD,1000101.0,ACECBDAEAEDBACBECEBDDBEBAEB,111110011000910199110111000,555.0,555.0,555.0,555.0,555.0,555.0,555.0,555.0,555.0,555.0,555.0,56.3,50.1,37.5,69.0,71.0,75.0,70.0,67.0,55.0,70.0,58.3,58.3,58.3,40.0,65.0,70.0,D,D,C,B,C,C,C,C,D,A,A,A,D,E,B,F,D,C,B,A,A,F,A,A,25.0,B,A,B,A,A,A,C,D,E,A,4.0,5.0,5.0,4.0,4.0,5.0,5.0,5.0,4.0,6.0,3.0,4.0,5.0,4.0,5.0,6.0,5.0,5.0,4.0,4.0,4.0,4.0,5.0,5.0,8.0,4.0,5.0,6.0,5.0,6.0,5.0,5.0,5.0,5.0,4.0,3.0,4.0,5.0,7.0,4.0,3.0,4.0,,,,,,,,,,,,,,CIÊNCIA DA COMPUTAÇÃO,UNIVERSIDADE FEDERAL DE CAMPINA GRANDE (UFCG),UFCG,Campina Grande,PB
2017,2564,1,10028,4004,13446,1,2504009,25,2,25,M,2009.0,2010.0,1.0,0,1,8,0,0,0,27,0,3,0,CCBBCEAD,CCBBCEAD,ACECBCDEADEDACAECEBDEBEBDAE,ACECBCDEADEDXCAEXXBDEBEBDAE,BCACCEDD,1001101.0,AABCCCDDABADECEDCCADBADCEDB,100101101001910099010000000,555.0,555.0,555.0,555.0,555.0,555.0,555.0,555.0,555.0,555.0,555.0,42.3,60.2,50.0,75.5,80.0,80.0,80.0,71.0,75.0,70.0,36.3,33.3,53.3,70.0,80.0,10.0,B,D,B,B,A,B,C,D,B,A,A,A,B,B,B,D,C,E,E,A,A,A,A,A,25.0,B,A,A,C,A,A,C,A,E,A,4.0,6.0,3.0,5.0,5.0,6.0,6.0,6.0,6.0,6.0,4.0,5.0,4.0,5.0,6.0,6.0,6.0,6.0,5.0,2.0,6.0,6.0,6.0,8.0,8.0,6.0,6.0,6.0,6.0,6.0,5.0,6.0,5.0,6.0,5.0,5.0,4.0,3.0,4.0,5.0,5.0,4.0,,,,,,,,,,,,,,CIÊNCIA DA COMPUTAÇÃO,UNIVERSIDADE FEDERAL DE CAMPINA GRANDE (UFCG),UFCG,Campina Grande,PB
2017,2564,1,10028,4004,13446,1,2504009,25,2,23,M,2011.0,2016.0,1.0,0,1,8,0,0,0,27,0,3,0,CCBBCEAD,CCBBCEAD,ACECBCDEADEDACAECEBDEBEBDAE,ACECBCDEADEDXCAEXXBDEBEBDAE,DCBBCEAE,1111110.0,AAECBBAEACCDACECAADDECEEDCA,101110011001910099011010100,555.0,555.0,555.0,333.0,555.0,555.0,333.0,333.0,555.0,555.0,555.0,52.1,45.0,75.0,0.0,0.0,0.0,0.0,0.0,0.0,0.0,54.5,50.0,80.0,100.0,70.0,70.0,C,D,A,C,C,C,D,D,D,A,D,A,D,D,D,A,D,B,A,A,A,A,A,A,25.0,B,A,B,G,A,C,E,C,E,F,6.0,6.0,6.0,6.0,6.0,6.0,6.0,6.0,6.0,6.0,6.0,6.0,4.0,4.0,6.0,6.0,6.0,6.0,6.0,4.0,6.0,6.0,6.0,8.0,8.0,6.0,6.0,6.0,6.0,6.0,5.0,6.0,6.0,6.0,5.0,5.0,6.0,5.0,8.0,5.0,5.0,5.0,,,,,,,,,,,,,,CIÊNCIA DA COMPUTAÇÃO,UNIVERSIDADE FEDERAL DE CAMPINA GRANDE (UFCG),UFCG,Campina Grande,PB
2017,2564,1,10028,4004,13446,1,2504009,25,2,25,F,2010.0,2014.0,1.0,0,1,8,0,0,0,27,0,3,0,CCBBCEAD,CCBBCEAD,ACECBCDEADEDACAECEBDEBEBDAE,ACECBCDEADEDXCAEXXBDEBEBDAE,BAEBCEDD,11101.0,DADDDBCAADEEBCDEABBCABDDBCD,000000001110910199100100000,555.0,555.0,555.0,555.0,555.0,555.0,555.0,333.0,555.0,555.0,555.0,37.5,47.6,50.0,44.0,88.0,80.0,90.0,0.0,0.0,0.0,34.1,29.2,61.7,90.0,65.0,30.0,,,,,,,,,,A,D,A,E,D,B,E,A,D,A,A,A,B,B,D,25.0,A,A,B,C,A,A,C,A,A,A,4.0,4.0,3.0,4.0,3.0,6.0,4.0,3.0,4.0,5.0,4.0,4.0,5.0,4.0,5.0,6.0,6.0,6.0,4.0,7.0,5.0,6.0,4.0,6.0,7.0,7.0,6.0,6.0,5.0,5.0,5.0,5.0,5.0,5.0,5.0,6.0,5.0,5.0,7.0,4.0,7.0,3.0,,,,,,,,,,,,,,CIÊNCIA DA COMPUTAÇÃO,UNIVERSIDADE FEDERAL DE CAMPINA GRANDE (UFCG),UFCG,Campina Grande,PB
2017,2564,1,10028,4004,13446,1,2504009,25,2,25,M,2010.0,2016.0,1.0,0,1,8,0,0,0,27,0,3,0,CCBBCEAD,CCBBCEAD,ACECBCDEADEDACAECEBDEBEBDAE,ACECBCDEADEDXCAEXXBDEBEBDAE,,,,,222.0,222.0,222.0,222.0,222.0,222.0,222.0,222.0,222.0,222.0,222.0,,,,,,,,,,,,,,,,,,,,,,,,,,A,A,A,D,E,B,D,F,E,A,A,A,D,B,A,25.0,B,A,A,B,A,E,D,E,E,F,4.0,3.0,3.0,6.0,2.0,6.0,5.0,4.0,4.0,5.0,2.0,1.0,4.0,2.0,5.0,6.0,6.0,6.0,6.0,6.0,5.0,5.0,2.0,5.0,8.0,6.0,6.0,6.0,4.0,4.0,5.0,5.0,6.0,6.0,3.0,4.0,4.0,2.0,1.0,3.0,2.0,2.0,,,,,,,,,,,,,,CIÊNCIA DA COMPUTAÇÃO,UNIVERSIDADE FEDERAL DE CAMPINA GRANDE (UFCG),UFCG,Campina Grande,PB
2017,2564,1,10028,4004,13446,1,2504009,25,2,22,M,2012.0,2013.0,1.0,0,1,8,0,0,0,27,0,3,0,CCBBCEAD,CCBBCEAD,ACECBCDEADEDACAECEBDEBEBDAE,ACECBCDEADEDXCAEXXBDEBEBDAE,CCBDCEAD,11101111.0,DAECBCBEADEDACDEECBEEBEADDE,001111011111910199101110101,555.0,555.0,555.0,555.0,555.0,555.0,555.0,555.0,555.0,555.0,555.0,73.3,70.5,87.5,45.0,39.0,75.0,30.0,51.0,75.0,45.0,74.2,70.8,93.3,100.0,80.0,100.0,B,C,B,B,A,B,A,E,C,A,D,A,E,E,B,D,E,B,B,A,A,B,A,A,25.0,B,A,B,A,A,A,D,A,E,F,6.0,6.0,5.0,6.0,6.0,6.0,6.0,6.0,6.0,6.0,6.0,6.0,5.0,6.0,6.0,6.0,6.0,6.0,6.0,6.0,6.0,6.0,6.0,4.0,6.0,6.0,6.0,6.0,6.0,6.0,6.0,6.0,6.0,6.0,5.0,5.0,5.0,6.0,4.0,6.0,6.0,5.0,,,,,,,,,,,,,,CIÊNCIA DA COMPUTAÇÃO,UNIVERSIDADE FEDERAL DE CAMPINA GRANDE (UFCG),UFCG,Campina Grande,PB
2017,2564,1,10028,4004,13446,1,2504009,25,2,25,M,2008.0,2010.0,1.0,0,1,8,0,0,0,27,0,3,0,CCBBCEAD,CCBBCEAD,ACECBCDEADEDACAECEBDEBEBDAE,ACECBCDEADEDXCAEXXBDEBEBDAE,CCEBEEDB,11010100.0,ADEABCBEADEDDCAAEBADADAECED,101011011111911099010000000,555.0,555.0,555.0,555.0,555.0,555.0,555.0,555.0,555.0,555.0,555.0,51.7,54.4,50.0,61.0,71.0,75.0,70.0,51.0,55.0,50.0,50.8,50.0,55.0,30.0,45.0,90.0,B,C,C,B,B,C,D,D,B,A,A,A,D,E,B,E,C,B,A,A,A,A,F,A,25.0,B,A,A,G,A,C,C,E,E,C,6.0,6.0,6.0,6.0,6.0,6.0,6.0,6.0,5.0,6.0,3.0,6.0,6.0,6.0,6.0,6.0,5.0,5.0,2.0,1.0,6.0,6.0,6.0,7.0,6.0,1.0,3.0,2.0,6.0,4.0,6.0,6.0,6.0,3.0,4.0,4.0,6.0,6.0,5.0,8.0,8.0,6.0,,,,,,,,,,,,,,CIÊNCIA DA COMPUTAÇÃO,UNIVERSIDADE FEDERAL DE CAMPINA GRANDE (UFCG),UFCG,Campina Grande,PB
2017,2564,1,10028,4004,13446,1,2504009,25,2,22,M,2011.0,2013.0,1.0,0,1,8,0,0,0,27,0,3,0,CCBBCEAD,CCBBCEAD,ACECBCDEADEDACAECEBDEBEBDAE,ACECBCDEADEDXCAEXXBDEBEBDAE,CCBBCEDD,11111101.0,CAEABCDEADCDACEEBCCDEBCBDCE,001011111101910199011101101,555.0,555.0,555.0,555.0,555.0,555.0,555.0,555.0,555.0,555.0,555.0,73.5,83.3,87.5,77.0,63.0,55.0,65.0,91.0,55.0,100.0,70.2,66.7,90.0,100.0,70.0,100.0,A,C,C,B,B,C,A,D,B,A,D,A,D,D,D,A,C,E,A,A,A,F,F,A,26.0,B,A,A,A,A,E,B,E,A,F,4.0,4.0,5.0,5.0,5.0,6.0,6.0,6.0,6.0,6.0,5.0,6.0,5.0,6.0,6.0,6.0,6.0,6.0,6.0,6.0,6.0,6.0,6.0,6.0,6.0,6.0,6.0,6.0,6.0,6.0,6.0,6.0,6.0,6.0,6.0,6.0,6.0,6.0,6.0,6.0,6.0,6.0,,,,,,,,,,,,,,CIÊNCIA DA COMPUTAÇÃO,UNIVERSIDADE FEDERAL DE CAMPINA GRANDE (UFCG),UFCG,Campina Grande,PB
2017,2564,1,10028,4004,13446,1,2504009,25,2,26,M,2009.0,2014.0,1.0,0,1,8,0,0,0,27,0,3,0,CCBBCEAD,CCBBCEAD,ACECBCDEADEDACAECEBDEBEBDAE,ACECBCDEADEDXCAEXXBDEBEBDAE,CCABCEDD,11011101.0,DAAEBCEEAECEBCECEEBDAAEEEEE,000011011000910099110010001,555.0,555.0,555.0,555.0,555.0,555.0,555.0,555.0,555.0,555.0,555.0,53.1,77.0,75.0,80.0,85.0,65.0,90.0,75.0,75.0,75.0,45.1,37.5,88.3,90.0,95.0,80.0,B,D,C,B,A,B,B,D,C,A,A,A,D,E,B,C,C,C,C,A,A,C,F,A,25.0,B,A,B,A,A,D,C,C,A,F,5.0,6.0,6.0,6.0,5.0,6.0,6.0,6.0,6.0,6.0,6.0,6.0,4.0,5.0,6.0,5.0,6.0,6.0,6.0,4.0,6.0,6.0,6.0,8.0,5.0,6.0,6.0,6.0,6.0,5.0,6.0,6.0,6.0,5.0,6.0,6.0,6.0,5.0,4.0,5.0,5.0,3.0,,,,,,,,,,,,,,CIÊNCIA DA COMPUTAÇÃO,UNIVERSIDADE FEDERAL DE CAMPINA GRANDE (UFCG),UFCG,Campina Grande,PB
2017,2564,1,10028,4004,13446,1,2504009,25,2,23,M,2010.0,2014.0,1.0,0,1,8,0,0,0,27,0,3,0,CCBBCEAD,CCBBCEAD,ACECBCDEADEDACAECEBDEBEBDAE,ACECBCDEADEDXCAEXXBDEBEBDAE,EACDCEED,1101.0,DCEBEBBEAAEDADACAEDDEBBEDAD,011000011011901099011100110,555.0,555.0,555.0,555.0,555.0,555.0,555.0,555.0,555.0,555.0,333.0,50.4,52.5,37.5,75.0,75.0,75.0,75.0,75.0,75.0,75.0,49.7,50.0,48.3,70.0,75.0,0.0,C,C,B,B,A,C,A,D,C,A,A,A,D,D,B,E,C,C,C,A,A,F,A,A,25.0,A,A,B,G,A,A,B,E,E,F,5.0,5.0,3.0,3.0,4.0,6.0,4.0,3.0,4.0,4.0,5.0,4.0,3.0,1.0,6.0,6.0,3.0,5.0,2.0,2.0,3.0,3.0,4.0,4.0,8.0,1.0,3.0,6.0,4.0,6.0,6.0,6.0,6.0,6.0,3.0,6.0,6.0,4.0,1.0,6.0,1.0,4.0,,,,,,,,,,,,,,CIÊNCIA DA COMPUTAÇÃO,UNIVERSIDADE FEDERAL DE CAMPINA GRANDE (UFCG),UFCG,Campina Grande,PB
2017,2564,1,10028,4004,13446,1,2504009,25,2,24,M,2009.0,2012.0,1.0,0,1,8,0,0,0,27,0,3,0,CCBBCEAD,CCBBCEAD,ACECBCDEADEDACAECEBDEBEBDAE,ACECBCDEADEDXCAEXXBDEBEBDAE,BDDACDCC,1000.0,ACBCBCBEBDCBBCACECDDAECECDE,110111010100911099010000001,555.0,555.0,555.0,555.0,555.0,555.0,555.0,555.0,555.0,555.0,555.0,42.4,30.3,12.5,57.0,48.0,40.0,50.0,66.0,50.0,70.0,46.4,45.8,50.0,0.0,80.0,70.0,C,C,C,B,C,C,A,D,B,B,B,A,E,E,C,B,D,E,E,A,A,F,B,A,25.0,B,A,B,A,A,B,C,E,A,A,5.0,6.0,5.0,4.0,4.0,5.0,5.0,6.0,3.0,4.0,5.0,5.0,3.0,2.0,5.0,4.0,5.0,5.0,4.0,4.0,5.0,4.0,4.0,5.0,8.0,5.0,5.0,6.0,4.0,4.0,5.0,6.0,4.0,3.0,3.0,4.0,4.0,4.0,1.0,3.0,2.0,2.0,,,,,,,,,,,,,,CIÊNCIA DA COMPUTAÇÃO,UNIVERSIDADE FEDERAL DE CAMPINA GRANDE (UFCG),UFCG,Campina Grande,PB
2017,2564,1,10028,4004,13446,1,2504009,25,2,26,M,2009.0,2015.0,1.0,0,1,8,0,0,0,27,0,3,0,CCBBCEAD,CCBBCEAD,ACECBCDEADEDACAECEBDEBEBDAE,ACECBCDEADEDXCAEXXBDEBEBDAE,CEBBCEAD,10111111.0,DCECBCAEADEDDCBEABDDDDEEDEE,011111011111910199010010101,555.0,555.0,555.0,555.0,555.0,555.0,555.0,555.0,555.0,555.0,555.0,66.8,69.9,87.5,43.5,57.0,65.0,55.0,30.0,50.0,25.0,65.7,66.7,60.0,30.0,80.0,70.0,B,B,C,D,D,B,D,C,B,B,D,A,D,E,C,B,B,F,E,A,A,F,A,A,25.0,B,A,B,C,A,A,C,A,E,F,6.0,6.0,6.0,6.0,6.0,6.0,6.0,6.0,6.0,6.0,6.0,6.0,6.0,5.0,6.0,6.0,6.0,6.0,5.0,5.0,6.0,6.0,6.0,6.0,6.0,4.0,4.0,6.0,6.0,6.0,6.0,6.0,6.0,6.0,5.0,6.0,6.0,5.0,7.0,6.0,8.0,4.0,,,,,,,,,,,,,,CIÊNCIA DA COMPUTAÇÃO,UNIVERSIDADE FEDERAL DE CAMPINA GRANDE (UFCG),UFCG,Campina Grande,PB
2017,2564,1,10028,4004,13446,1,2504009,25,2,25,M,2008.0,2015.0,1.0,0,1,8,0,0,0,27,0,3,0,CCBBCEAD,CCBBCEAD,ACECBCDEADEDACAECEBDEBEBDAE,ACECBCDEADEDXCAEXXBDEBEBDAE,CEBBCEAD,10111111.0,AAECBCBECEDDBCCEEAEEDEECBDB,101111010001910199000010000,555.0,555.0,555.0,555.0,555.0,555.0,555.0,555.0,555.0,555.0,555.0,49.9,76.7,87.5,60.5,53.0,65.0,50.0,68.0,60.0,70.0,41.0,41.7,36.7,60.0,50.0,0.0,B,D,C,C,A,C,A,D,B,A,D,A,C,E,B,E,C,C,C,A,A,B,A,A,25.0,B,A,A,B,A,E,C,E,E,F,6.0,5.0,3.0,4.0,6.0,6.0,6.0,5.0,6.0,4.0,6.0,4.0,5.0,3.0,6.0,2.0,6.0,6.0,4.0,2.0,5.0,6.0,5.0,6.0,4.0,5.0,6.0,5.0,4.0,5.0,6.0,6.0,5.0,3.0,5.0,5.0,5.0,2.0,1.0,4.0,2.0,1.0,,,,,,,,,,,,,,CIÊNCIA DA COMPUTAÇÃO,UNIVERSIDADE FEDERAL DE CAMPINA GRANDE (UFCG),UFCG,Campina Grande,PB
2017,2564,1,10028,4004,13446,1,2504009,25,2,23,M,2012.0,2013.0,1.0,0,1,8,0,0,0,27,0,3,0,CCBBCEAD,CCBBCEAD,ACECBCDEADEDACAECEBDEBEBDAE,ACECBCDEADEDXCAEXXBDEBEBDAE,DCABCECD,1011101.0,ACEDBBAEADECACDDDCEDDCEECCE,111010011110910099010010001,555.0,555.0,555.0,555.0,555.0,555.0,555.0,555.0,555.0,555.0,555.0,58.0,69.3,62.5,79.5,66.0,70.0,65.0,93.0,65.0,100.0,54.2,50.0,78.3,100.0,75.0,60.0,B,C,C,C,B,B,D,D,D,A,D,A,D,E,D,E,E,C,D,A,A,F,F,D,25.0,A,B,B,C,A,B,C,E,E,I,5.0,5.0,5.0,5.0,6.0,6.0,5.0,4.0,4.0,6.0,6.0,5.0,4.0,5.0,5.0,5.0,6.0,6.0,6.0,3.0,6.0,4.0,6.0,6.0,8.0,6.0,6.0,6.0,7.0,5.0,5.0,6.0,4.0,5.0,4.0,3.0,4.0,3.0,1.0,6.0,1.0,2.0,,,,,,,,,,,,,,CIÊNCIA DA COMPUTAÇÃO,UNIVERSIDADE FEDERAL DE CAMPINA GRANDE (UFCG),UFCG,Campina Grande,PB
2017,2564,1,10028,4004,13446,1,2504009,25,2,25,M,2009.0,2012.0,1.0,0,1,8,0,0,0,27,0,3,0,CCBBCEAD,CCBBCEAD,ACECBCDEADEDACAECEBDEBEBDAE,ACECBCDEADEDXCAEXXBDEBEBDAE,CCBBCEAE,11111110.0,EACBBBAEABEDACAECEBDDBBBEBB,000010011011911199110101000,555.0,555.0,555.0,555.0,555.0,555.0,555.0,555.0,555.0,555.0,555.0,58.8,78.1,87.5,64.0,79.0,75.0,80.0,49.0,65.0,45.0,52.3,50.0,65.0,30.0,65.0,100.0,C,C,B,B,C,C,E,E,D,A,D,A,D,F,B,D,D,E,E,A,C,A,A,A,25.0,B,A,B,G,A,A,D,A,E,A,6.0,6.0,6.0,6.0,6.0,6.0,6.0,6.0,6.0,6.0,6.0,6.0,6.0,6.0,6.0,6.0,6.0,6.0,5.0,7.0,6.0,6.0,6.0,6.0,4.0,7.0,6.0,6.0,6.0,6.0,6.0,6.0,5.0,5.0,3.0,4.0,4.0,4.0,7.0,5.0,5.0,1.0,,,,,,,,,,,,,,CIÊNCIA DA COMPUTAÇÃO,UNIVERSIDADE FEDERAL DE CAMPINA GRANDE (UFCG),UFCG,Campina Grande,PB
2017,2564,1,10028,4004,13446,1,2504009,25,2,21,M,2012.0,2013.0,1.0,0,1,8,0,0,0,27,0,3,0,CCBBCEAD,CCBBCEAD,ACECBCDEADEDACAECEBDEBEBDAE,ACECBCDEADEDXCAEXXBDEBEBDAE,AABBEEAD,110111.0,ACEEBCDEADEDBCAEEBDDEBEADAE,111011111111911199011110111,555.0,555.0,555.0,555.0,555.0,555.0,555.0,555.0,555.0,555.0,336.0,79.0,65.9,62.5,71.0,74.0,50.0,80.0,68.0,60.0,70.0,83.4,87.5,60.0,100.0,80.0,0.0,B,D,C,C,A,C,C,D,D,A,B,A,D,E,B,D,B,C,B,A,A,B,A,E,25.0,A,A,B,C,A,C,E,C,A,A,6.0,6.0,5.0,6.0,6.0,6.0,8.0,8.0,8.0,6.0,5.0,6.0,6.0,6.0,6.0,6.0,6.0,6.0,5.0,5.0,6.0,6.0,6.0,8.0,6.0,5.0,5.0,6.0,6.0,6.0,6.0,6.0,6.0,5.0,5.0,6.0,6.0,6.0,6.0,5.0,5.0,5.0,,,,,,,,,,,,,,CIÊNCIA DA COMPUTAÇÃO,UNIVERSIDADE FEDERAL DE CAMPINA GRANDE (UFCG),UFCG,Campina Grande,PB
2017,2564,1,10028,4004,13446,1,2504009,25,2,30,M,2013.0,2016.0,1.0,0,1,8,0,0,0,27,0,3,0,CCBBCEAD,CCBBCEAD,ACECBCDEADEDACAECEBDEBEBDAE,ACECBCDEADEDXCAEXXBDEBEBDAE,ACBBDEDC,1110100.0,ECECBBCDACDDDCDECCCDABAACCD,011110001001910199010100000,555.0,555.0,555.0,555.0,555.0,555.0,555.0,333.0,555.0,333.0,555.0,43.8,43.0,50.0,32.5,65.0,65.0,65.0,0.0,0.0,0.0,44.0,41.7,56.7,70.0,0.0,100.0,C,D,C,B,A,C,A,D,C,A,A,A,F,D,A,A,F,C,A,A,A,F,A,A,25.0,B,A,B,H,A,B,D,E,E,F,6.0,6.0,6.0,6.0,6.0,6.0,6.0,6.0,6.0,6.0,6.0,6.0,6.0,7.0,4.0,5.0,6.0,6.0,6.0,7.0,6.0,4.0,6.0,5.0,6.0,4.0,6.0,5.0,5.0,6.0,4.0,6.0,5.0,6.0,6.0,6.0,6.0,5.0,7.0,5.0,4.0,2.0,,,,,,,,,,,,,,CIÊNCIA DA COMPUTAÇÃO,UNIVERSIDADE FEDERAL DE CAMPINA GRANDE (UFCG),UFCG,Campina Grande,PB
2017,2564,1,10028,4004,13446,1,2504009,25,2,23,M,2011.0,2013.0,1.0,0,1,8,0,0,0,27,0,3,0,CCBBCEAD,CCBBCEAD,ACECBCDEADEDACAECEBDEBEBDAE,ACECBCDEADEDXCAEXXBDEBEBDAE,,,,,222.0,222.0,222.0,222.0,222.0,222.0,222.0,222.0,222.0,222.0,222.0,,,,,,,,,,,,,,,,,,,,,,,,,,A,A,A,B,C,B,H,C,E,A,A,A,C,A,A,25.0,B,A,B,G,B,B,D,A,E,E,4.0,4.0,5.0,6.0,5.0,6.0,6.0,5.0,5.0,5.0,4.0,4.0,3.0,5.0,5.0,6.0,6.0,6.0,6.0,2.0,4.0,4.0,4.0,7.0,7.0,3.0,5.0,4.0,3.0,4.0,4.0,5.0,6.0,5.0,4.0,4.0,6.0,5.0,1.0,4.0,2.0,4.0,,,,,,,,,,,,,,CIÊNCIA DA COMPUTAÇÃO,UNIVERSIDADE FEDERAL DE CAMPINA GRANDE (UFCG),UFCG,Campina Grande,PB
2017,2564,1,10028,4004,13446,1,2504009,25,2,23,M,2011.0,2012.0,1.0,0,1,8,0,0,0,27,0,3,0,CCBBCEAD,CCBBCEAD,ACECBCDEADEDACAECEBDEBEBDAE,ACECBCDEADEDXCAEXXBDEBEBDAE,CCBBCEAD,11111111.0,ACECBCDEADEDCCAEAAEDDBEBBBE,111111111111911199010111001,555.0,555.0,555.0,555.0,555.0,555.0,555.0,555.0,555.0,555.0,555.0,88.6,97.0,100.0,92.5,92.0,100.0,90.0,93.0,65.0,100.0,85.8,83.3,100.0,100.0,100.0,100.0,C,C,C,B,B,C,D,D,D,A,F,A,E,E,B,E,F,B,B,A,A,B,A,A,25.0,B,A,B,A,A,A,B,E,E,F,2.0,2.0,1.0,1.0,7.0,3.0,8.0,8.0,8.0,1.0,3.0,3.0,7.0,3.0,7.0,1.0,6.0,5.0,5.0,7.0,3.0,1.0,3.0,7.0,8.0,3.0,1.0,6.0,3.0,6.0,4.0,5.0,6.0,6.0,5.0,6.0,6.0,6.0,7.0,7.0,7.0,2.0,,,,,,,,,,,,,,CIÊNCIA DA COMPUTAÇÃO,UNIVERSIDADE FEDERAL DE CAMPINA GRANDE (UFCG),UFCG,Campina Grande,PB
2017,2564,1,10028,4004,13446,1,2504009,25,2,27,M,2007.0,2016.0,1.0,0,1,8,0,0,0,27,0,3,0,CCBBCEAD,CCBBCEAD,ACECBCDEADEDACAECEBDEBEBDAE,ACECBCDEADEDXCAEXXBDEBEBDAE,AEBBCEBE,111100.0,ACECBCCEADADCABEEBEDADEBEAD,111111011101900199010011010,555.0,555.0,555.0,555.0,555.0,555.0,555.0,555.0,555.0,555.0,555.0,59.1,48.6,50.0,46.5,22.0,50.0,15.0,71.0,55.0,75.0,62.6,62.5,63.3,30.0,60.0,100.0,B,C,C,B,B,B,A,D,D,A,D,A,D,F,B,D,D,B,A,A,A,B,B,A,25.0,B,A,A,G,A,B,B,A,A,F,5.0,5.0,5.0,5.0,2.0,5.0,5.0,4.0,4.0,3.0,5.0,5.0,3.0,3.0,4.0,5.0,6.0,6.0,6.0,6.0,5.0,4.0,5.0,8.0,5.0,4.0,6.0,6.0,6.0,4.0,6.0,6.0,5.0,6.0,4.0,5.0,5.0,4.0,7.0,1.0,2.0,2.0,,,,,,,,,,,,,,CIÊNCIA DA COMPUTAÇÃO,UNIVERSIDADE FEDERAL DE CAMPINA GRANDE (UFCG),UFCG,Campina Grande,PB
2017,2564,1,10028,4004,13446,1,2504009,25,2,22,F,2011.0,2012.0,1.0,0,1,8,0,0,0,27,0,3,0,CCBBCEAD,CCBBCEAD,ACECBCDEADEDACAECEBDEBEBDAE,ACECBCDEADEDXCAEXXBDEBEBDAE,DCBBCEDA,1111100.0,AAABBCBDADDEBEDEDBDEEDAADDE,100011001100900199001000101,555.0,555.0,555.0,555.0,555.0,555.0,555.0,555.0,555.0,555.0,555.0,47.4,59.5,62.5,55.0,39.0,75.0,30.0,71.0,75.0,70.0,43.4,37.5,76.7,60.0,70.0,100.0,C,C,C,A,B,C,B,D,D,A,A,A,C,E,B,E,E,C,A,A,A,F,B,A,25.0,B,A,B,E,A,B,C,E,B,F,6.0,5.0,6.0,6.0,6.0,6.0,6.0,6.0,6.0,6.0,6.0,6.0,6.0,6.0,6.0,6.0,6.0,6.0,6.0,6.0,6.0,6.0,6.0,7.0,5.0,7.0,6.0,6.0,6.0,6.0,6.0,6.0,6.0,6.0,6.0,6.0,5.0,6.0,6.0,6.0,4.0,2.0,,,,,,,,,,,,,,CIÊNCIA DA COMPUTAÇÃO,UNIVERSIDADE FEDERAL DE CAMPINA GRANDE (UFCG),UFCG,Campina Grande,PB
2017,2564,1,10028,4004,13446,1,2504009,25,2,24,M,2010.0,2015.0,1.0,0,1,8,0,0,0,27,0,3,0,CCBBCEAD,CCBBCEAD,ACECBCDEADEDACAECEBDEBEBDAE,ACECBCDEADEDXCAEXXBDEBEBDAE,CCABBEAC,11010110.0,AABCBCDEBDAABCEDDCBDEBECDEE,100111110100910099111110101,555.0,555.0,555.0,555.0,555.0,555.0,555.0,555.0,555.0,555.0,555.0,63.1,59.9,62.5,56.0,67.0,35.0,75.0,45.0,25.0,50.0,64.1,62.5,73.3,60.0,70.0,90.0,C,C,B,B,B,B,E,D,C,A,A,A,B,D,B,D,C,B,A,A,A,B,A,D,35.0,A,A,B,C,A,A,E,E,C,A,5.0,6.0,6.0,6.0,6.0,6.0,5.0,5.0,5.0,6.0,6.0,4.0,6.0,5.0,6.0,6.0,6.0,6.0,6.0,7.0,6.0,6.0,6.0,8.0,8.0,6.0,6.0,6.0,6.0,6.0,6.0,6.0,6.0,6.0,5.0,6.0,6.0,6.0,6.0,6.0,6.0,5.0,,,,,,,,,,,,,,CIÊNCIA DA COMPUTAÇÃO,UNIVERSIDADE FEDERAL DE CAMPINA GRANDE (UFCG),UFCG,Campina Grande,PB
2017,2564,1,10028,4004,13446,1,2504009,25,2,25,M,2011.0,2012.0,1.0,0,1,8,0,0,0,27,0,3,0,CCBBCEAD,CCBBCEAD,ACECBCDEADEDACAECEBDEBEBDAE,ACECBCDEADEDXCAEXXBDEBEBDAE,CCABCEEE,11011100.0,ACECBCDEADEDDCACEADDEBEBEEE,111111111111911099011111001,555.0,555.0,555.0,555.0,555.0,555.0,555.0,555.0,555.0,555.0,555.0,76.8,62.3,62.5,62.0,34.0,50.0,30.0,90.0,50.0,100.0,81.6,83.3,71.7,30.0,85.0,100.0,B,B,C,B,B,C,A,D,C,A,A,B,D,E,D,A,F,D,A,A,A,B,B,A,25.0,B,A,F,A,A,B,A,A,E,F,5.0,5.0,5.0,5.0,4.0,6.0,4.0,5.0,4.0,5.0,4.0,4.0,4.0,4.0,6.0,4.0,5.0,5.0,4.0,7.0,5.0,5.0,5.0,6.0,8.0,3.0,6.0,6.0,5.0,6.0,5.0,5.0,6.0,5.0,5.0,6.0,5.0,5.0,7.0,7.0,7.0,3.0,,,,,,,,,,,,,,CIÊNCIA DA COMPUTAÇÃO,UNIVERSIDADE FEDERAL DE CAMPINA GRANDE (UFCG),UFCG,Campina Grande,PB
